bth00040;Q8ABI1
bth00040;Q8AAW1
bth00040;Q8AAT5
bth00040;Q8AAH9
bth00040;Q8AA66
bth00040;Q8A9M3
bth00040;Q8A9M2
bth00040;Q8A9J2
bth00040;Q8A9J0
bth00040;Q8A9I6
bth00040;G8JZS7
bth00040;Q8A833
bth00040;Q8A7U2
bth00040;Q8A3P5
bth00040;Q8A2S4
bth00040;Q8A1A3
bth00040;Q8A1A0
bth00040;Q8A0S5
bth00040;Q8A0B5
bth00040;Q8A0B2
bth00040;Q8A0B1
bth00040;Q89ZF4
bth00900;Q8AA41
bth00900;Q8A7X1
bth00900;Q8A774
bth00900;Q8A684
bth00900;Q8A628
bth00900;Q8A625
bth00900;Q8A4T0
bth00900;Q8A3S3
bth00900;Q8A2P4
bth00900;Q8A1E0
bth00900;Q8A0Y7
bth00900;Q8A0U8
bth00900;Q8A0C2
bth00270;Q8ABD0
bth00270;Q8AA58
bth00270;Q8A9T0
bth00270;Q8A7Z9
bth00270;Q8A7X6
bth00270;Q8A7P8
bth00270;Q8A6M5
bth00270;Q8A6I3
bth00270;Q8A6G1
bth00270;Q8A555
bth00270;Q8A541
bth00270;Q8A531
bth00270;Q8A529
bth00270;Q8A4T7
bth00270;Q8A407
bth00270;Q8A3S9
bth00270;Q8A375
bth00270;Q8A2T6
bth00270;Q8A2P9
bth00270;Q8A1M5
bth00270;Q8A0X9
bth00270;Q8A0W0
bth00270;Q8A083
bth00270;Q89ZC6
bth00270;Q89YQ3
bth00270;Q89YH8
bth01501;Q8AB08
bth01501;Q8AB06
bth01501;Q8A9S2
bth01501;Q8A974
bth01501;Q8A8Y3
bth01501;Q8A8F5
bth01501;Q8A6B7
bth01501;Q8A5I8
bth01501;Q8A5I7
bth01501;Q8A4U9
bth01501;Q8A3L4
bth01501;Q8A2G6
bth01501;Q8A253
bth01501;Q8A1N9
bth01501;Q8A151
bth01501;Q89Z70
bth02010;Q8ABV1
bth02010;Q8A9I1
bth02010;Q8A886
bth02010;Q8A885
bth02010;Q8A884
bth02010;Q8A883
bth02010;Q8A853
bth02010;Q8A852
bth02010;Q8A851
bth02010;Q8A850
bth02010;Q8A7Z8
bth02010;Q8A7P9
bth02010;Q8A763
bth02010;Q8A6X6
bth02010;Q8A6X5
bth02010;Q8A6X4
bth02010;Q8A6D4
bth02010;Q8A6D3
bth02010;Q8A6D2
bth02010;Q8A5Y8
bth02010;Q8A5Y7
bth02010;Q8A5Y6
bth02010;Q8A5U6
bth02010;Q8A5N2
bth02010;Q8A527
bth02010;Q8A4D5
bth02010;Q8A3W6
bth02010;Q8A2U5
bth02010;Q8A2Q7
bth02010;Q8A2Q6
bth02010;Q8A1M1
bth02010;Q8A134
bth02010;Q8A133
bth02010;Q8A132
bth00250;Q8AAD9
bth00250;Q8AAC2
bth00250;Q8AAB4
bth00250;Q8AAB3
bth00250;Q8AAB2
bth00250;Q8AAB1
bth00250;Q8AAB0
bth00250;Q8AAA9
bth00250;Q8AAA8
bth00250;Q8A9T0
bth00250;Q8A9S4
bth00250;Q8A9S3
bth00250;Q8A9N0
bth00250;Q8A7P8
bth00250;Q8A7H0
bth00250;Q8A6N4
bth00250;P94598
bth00250;Q8A6B2
bth00250;Q8A5V7
bth00250;Q8A540
bth00250;Q8A529
bth00250;Q8A4M9
bth00250;Q8A4M8
bth00250;Q8A448
bth00250;Q8A446
bth00250;Q8A340
bth00250;Q8A2X1
bth00250;Q8A1D3
bth00250;Q8A1A6
bth00250;Q8A105
bth00250;Q8A100
bth00250;Q89ZR6
bth00250;Q89ZN8
bth00250;Q89YZ8
bth03030;Q8AA40
bth03030;Q8A9C6
bth03030;Q8A9C1
bth03030;Q8A811
bth03030;Q8A810
bth03030;Q8A7U3
bth03030;Q8A7M7
bth03030;Q8A7K8
bth03030;Q8A7B5
bth03030;Q8A5K9
bth03030;Q8A2P5
bth03030;Q8A2B4
bth03030;Q8A293
bth03030;Q8A147
bth03030;Q8A0T9
bth00790;Q8A9S1
bth00790;Q8A9P8
bth00790;Q8A9P7
bth00790;Q8A839
bth00790;Q8A7G0
bth00790;Q8A7F8
bth00790;Q8A638
bth00790;Q8A5T9
bth00790;Q8A2T9
bth00790;Q8A1L5
bth00790;Q8A1F8
bth00790;Q8A0U0
bth00790;Q89ZC4
bth03430;Q8AA08
bth03430;Q8A9C6
bth03430;Q8A9C1
bth03430;Q8A811
bth03430;Q8A810
bth03430;Q8A7U3
bth03430;Q8A7M7
bth03430;Q8A7B5
bth03430;Q8A6J1
bth03430;Q8A5K9
bth03430;Q8A334
bth03430;Q8A147
bth03430;Q8A120
bth03430;Q8A0Y1
bth03430;Q8A0Y0
bth03430;Q8A0T2
bth03430;Q8A0L0
bth03430;Q89YQ1
bth00600;Q8AAK9
bth00600;Q8AAK3
bth00600;Q8A9Q8
bth00600;Q8A934
bth00600;Q8A924
bth00600;Q8A799
bth00600;Q8A5P7
bth00600;Q8A3V3
bth00600;Q8A3I5
bth00600;Q8A389
bth00600;Q8A362
bth00600;Q8A349
bth00600;Q8A348
bth00600;Q8A324
bth00600;Q8A322
bth00600;Q8A2X6
bth00600;Q8A2L2
bth00600;Q8A2J3
bth00600;Q8A2G5
bth00600;Q8A221
bth00600;Q8A220
bth00600;Q8A1R7
bth00600;Q8A0H1
bth00600;Q89ZY0
bth00600;Q89YR4
bth00600;Q89YP8
bth00600;Q89YP7
bth00473;Q8A1F3
bth00473;Q8A0C0
bth01200;Q8AB03
bth01200;Q8AB01
bth01200;Q8AAY3
bth01200;Q8AAY2
bth01200;Q8AAY1
bth01200;Q8AAX9
bth01200;Q8AAW6
bth01200;Q8AAW5
bth01200;Q8AAH7
bth01200;Q8AAH6
bth01200;Q8AA58
bth01200;Q8AA21
bth01200;Q8A9S8
bth01200;Q8A9S7
bth01200;Q8A9R7
bth01200;Q8A9M8
bth01200;Q8A9M7
bth01200;Q8A9I3
bth01200;Q8A8R5
bth01200;Q8A8R2
bth01200;Q8A8R1
bth01200;Q8A8M0
bth01200;Q8A8L5
bth01200;Q8A8L4
bth01200;Q8A8H1
bth01200;Q8A8G0
bth01200;Q8A8E7
bth01200;Q8A8E6
bth01200;Q8A8E5
bth01200;Q8A8D9
bth01200;Q8A7S5
bth01200;Q8A7S4
bth01200;Q8A7B8
bth01200;Q8A767
bth01200;Q8A766
bth01200;Q8A765
bth01200;Q8A753
bth01200;Q8A740
bth01200;Q8A734
bth01200;Q8A728
bth01200;Q8A6X8
bth01200;Q8A6M5
bth01200;Q8A6G9
bth01200;Q8A6G7
bth01200;Q8A6B5
bth01200;Q8A6B4
bth01200;Q8A699
bth01200;Q8A624
bth01200;Q8A616
bth01200;Q8A615
bth01200;Q8A614
bth01200;Q8A5Z6
bth01200;Q8A5Z5
bth01200;Q8A5W2
bth01200;Q8A5I3
bth01200;Q8A542
bth01200;Q8A517
bth01200;Q8A4V4
bth01200;Q8A4T7
bth01200;Q8A414
bth01200;Q8A3W8
bth01200;Q8A3W7
bth01200;Q8A3W3
bth01200;Q8A3S9
bth01200;Q8A3A1
bth01200;Q8A3A0
bth01200;Q8A399
bth01200;Q8A375
bth01200;Q8A2W9
bth01200;Q8A2P9
bth01200;Q8A2E9
bth01200;Q8A287
bth01200;Q8A1Q9
bth01200;Q8A1G9
bth01200;Q8A1G8
bth01200;Q8A1B1
bth01200;Q8A146
bth01200;Q8A0W0
bth01200;Q8A0U2
bth01200;Q8A0S5
bth01200;Q89ZV8
bth01200;Q89Z05
bth01200;Q89YZ6
bth01200;Q89YS7
bth01200;Q89YQ3
bth00240;Q8ABC6
bth00240;Q8AB61
bth00240;Q8AAA9
bth00240;Q8AAA8
bth00240;Q8AA75
bth00240;Q8A9S4
bth00240;Q8A9S3
bth00240;Q8A9C6
bth00240;Q8A9C4
bth00240;Q8A9C3
bth00240;Q8A908
bth00240;Q8A8D1
bth00240;Q8A841
bth00240;Q8A811
bth00240;Q8A810
bth00240;Q8A7U3
bth00240;Q8A7I5
bth00240;Q8A7B5
bth00240;Q8A6K0
bth00240;Q8A688
bth00240;Q8A639
bth00240;Q8A626
bth00240;Q8A5U3
bth00240;Q8A5K9
bth00240;Q8A5J7
bth00240;Q8A5G4
bth00240;Q8A507
bth00240;Q8A4S0
bth00240;Q8A4N6
bth00240;Q8A4A2
bth00240;Q8A470
bth00240;Q8A469
bth00240;Q8A413
bth00240;Q8A2P5
bth00240;Q8A245
bth00240;Q8A1D5
bth00240;Q8A147
bth00240;Q8A105
bth00240;Q8A0U6
bth00240;Q8A0L8
bth00240;Q8A012
bth00240;Q89ZW1
bth00240;Q89ZP0
bth00240;Q89Z23
bth00620;Q8AB03
bth00620;Q8AAY2
bth00620;Q8AAY1
bth00620;Q8AA21
bth00620;Q8A8H1
bth00620;Q8A7S5
bth00620;Q8A7E9
bth00620;Q8A7E4
bth00620;Q8A736
bth00620;Q8A729
bth00620;Q8A728
bth00620;Q8A727
bth00620;Q8A6X8
bth00620;Q8A6Q6
bth00620;Q8A6Q5
bth00620;Q8A6L6
bth00620;Q8A6G9
bth00620;Q8A6B5
bth00620;Q8A5I3
bth00620;Q8A4T7
bth00620;Q8A414
bth00620;Q8A3W8
bth00620;Q8A3W7
bth00620;Q8A3W3
bth00620;Q8A3J9
bth00620;Q8A2W9
bth00620;Q8A1G9
bth00620;Q8A1G8
bth00620;Q8A1B1
bth00620;Q8A0W0
bth00620;Q89ZG2
bth00620;Q89YJ3
bth00230;Q8AAQ1
bth00230;Q8AAQ0
bth00230;Q8AAP9
bth00230;Q8AAN7
bth00230;Q8AAE7
bth00230;Q8AAC5
bth00230;Q8AAB0
bth00230;Q8A9W5
bth00230;Q8A9W1
bth00230;Q8A9R7
bth00230;Q8A9C7
bth00230;Q8A9C6
bth00230;Q8A8D1
bth00230;Q8A811
bth00230;Q8A810
bth00230;Q8A7U3
bth00230;Q8A7H6
bth00230;Q8A7B5
bth00230;Q8A6Z2
bth00230;Q8A6N4
bth00230;Q8A6K0
bth00230;Q8A688
bth00230;Q8A677
bth00230;Q8A5U3
bth00230;Q8A5K9
bth00230;Q8A525
bth00230;Q8A507
bth00230;Q8A4S9
bth00230;Q8A4N6
bth00230;Q8A4A2
bth00230;Q8A470
bth00230;Q8A469
bth00230;Q8A3W3
bth00230;Q8A3S1
bth00230;Q8A327
bth00230;Q8A2Q2
bth00230;Q8A2P5
bth00230;Q8A2N8
bth00230;Q8A2E5
bth00230;Q8A246
bth00230;Q8A155
bth00230;Q8A147
bth00230;Q8A126
bth00230;Q8A100
bth00230;Q8A0U6
bth00230;Q8A0M3
bth00230;Q8A0L8
bth00230;Q8A010
bth00230;Q8A004
bth00230;Q89ZV6
bth00230;Q89ZM7
bth00230;Q89ZJ1
bth00230;Q89ZJ0
bth00230;Q89YZ8
bth00650;Q8AAY2
bth00650;Q8AAY1
bth00650;Q8A6X8
bth00650;Q8A610
bth00650;Q8A609
bth00650;Q8A4P6
bth00650;Q8A4P5
bth00650;Q8A4M9
bth00650;Q8A3W8
bth00650;Q8A3W7
bth00650;Q8A3J9
bth00650;Q8A3A1
bth00650;Q8A3A0
bth00650;Q8A399
bth00650;Q89YJ3
bth00740;Q8A857
bth00740;Q8A528
bth00740;Q8A4Q4
bth00740;Q8A1D8
bth00740;Q89ZW8
bth00460;Q8AAD9
bth00460;Q8A9S7
bth00460;Q8A6U8
bth00460;Q8A6U6
bth00460;Q8A6K9
bth00460;Q8A5V7
bth00460;Q8A540
bth00460;Q8A446
bth00460;Q8A3V0
bth00460;Q8A3E5
bth00460;Q8A2K5
bth00460;Q8A2J1
bth00460;Q8A1U1
bth00460;Q89YL7
bth00760;Q8ABA5
bth00760;Q8A998
bth00760;Q8A7I0
bth00760;Q8A7G4
bth00760;Q8A6K0
bth00760;Q8A6H1
bth00760;Q8A675
bth00760;Q8A507
bth00760;Q8A2Z1
bth00760;Q8A2X1
bth00760;Q8A0V4
bth00760;Q8A0L8
bth00500;Q8ABH8
bth00500;Q8AAT5
bth00500;Q8AA66
bth00500;Q8A9Y2
bth00500;Q8A9P4
bth00500;Q8A9I6
bth00500;Q8A8V8
bth00500;Q8A8R7
bth00500;Q8A881
bth00500;Q8A833
bth00500;Q8A832
bth00500;Q8A823
bth00500;Q8A7H6
bth00500;Q8A6W9
bth00500;Q8A6W6
bth00500;Q8A6U8
bth00500;Q8A6U6
bth00500;Q8A6L0
bth00500;Q8A6K9
bth00500;Q8A5W2
bth00500;Q8A5U2
bth00500;Q8A517
bth00500;Q8A4V4
bth00500;Q8A4H9
bth00500;Q8A3V0
bth00500;Q8A3E5
bth00500;Q8A369
bth00500;Q8A2Z2
bth00500;Q8A2L1
bth00500;Q8A2K6
bth00500;Q8A2K5
bth00500;Q8A2K0
bth00500;Q8A2J1
bth00500;Q8A1U1
bth00500;Q8A1Q9
bth00500;Q8A0B2
bth00500;Q8A0B1
bth00500;Q89ZS1
bth00500;Q89ZR9
bth00500;Q89YS7
bth00500;Q89YP1
bth00500;Q89YL7
bth00052;Q8ABH8
bth00052;Q8AB22
bth00052;Q8AAV6
bth00052;Q8AAU4
bth00052;Q8AAU2
bth00052;Q8AAT3
bth00052;Q8AAK3
bth00052;Q8AA42
bth00052;Q8A9Y2
bth00052;Q8A9Q8
bth00052;Q8A934
bth00052;Q8A924
bth00052;Q8A8R5
bth00052;Q8A7H6
bth00052;Q8A799
bth00052;Q8A6W6
bth00052;Q8A6L0
bth00052;Q8A624
bth00052;Q8A5P7
bth00052;Q8A517
bth00052;Q8A4V4
bth00052;Q8A4H9
bth00052;Q8A3V5
bth00052;Q8A3V3
bth00052;Q8A3I5
bth00052;Q8A389
bth00052;Q8A369
bth00052;Q8A324
bth00052;Q8A322
bth00052;Q8A2Z2
bth00052;Q8A2X6
bth00052;Q8A2L2
bth00052;Q8A2L1
bth00052;Q8A2K6
bth00052;Q8A2G5
bth00052;Q8A2E9
bth00052;Q8A1X9
bth00052;Q8A1X6
bth00052;Q8A1R7
bth00052;Q8A1Q9
bth00052;Q8A1K7
bth00052;Q8A0H1
bth00052;Q8A0B4
bth00052;Q8A069
bth00052;Q89ZY0
bth00052;Q89YS7
bth00052;Q89YR4
bth00052;Q89YP7
bth00564;Q8ABB5
bth00564;Q8AB68
bth00564;Q8AAB5
bth00564;Q8A7K1
bth00564;Q8A7J9
bth00564;Q8A640
bth00564;Q8A5W3
bth00564;Q8A5K8
bth00564;Q8A5K7
bth00564;Q8A560
bth00564;Q8A2Z3
bth00564;Q8A0P3
bth00564;Q8A0L5
bth00564;Q89ZB4
bth00564;Q89YK4
bth00332;Q8A1E8
bth00332;Q8A1E7
bth00440;Q8A807
bth00440;Q8A706
bth00440;Q8A705
bth00520;Q8ABH7
bth00520;Q8AB53
bth00520;Q8AAW4
bth00520;Q8AAU4
bth00520;Q8AAU1
bth00520;Q8AAT5
bth00520;Q8AAT3
bth00520;Q8AAT1
bth00520;Q8AAM7
bth00520;Q8AAL1
bth00520;Q8AAK5
bth00520;Q8AAK4
bth00520;Q8AAF9
bth00520;Q8AAB1
bth00520;Q8AAA7
bth00520;Q8AA66
bth00520;Q8AA64
bth00520;Q8AA63
bth00520;Q8AA42
bth00520;Q8A9Z0
bth00520;Q8A9Y9
bth00520;Q8A9I6
bth00520;Q8A8W6
bth00520;Q8A8V8
bth00520;Q8A8G5
bth00520;Q8A8G4
bth00520;Q8A8E3
bth00520;Q8A8E2
bth00520;Q8A833
bth00520;Q8A832
bth00520;Q8A824
bth00520;Q8A823
bth00520;Q8A806
bth00520;Q8A7H6
bth00520;Q8A798
bth00520;Q8A6W9
bth00520;Q8A681
bth00520;Q8A5W2
bth00520;Q8A517
bth00520;Q8A4Y8
bth00520;Q8A4V4
bth00520;Q8A423
bth00520;Q8A3L0
bth00520;Q8A3K9
bth00520;Q8A2X7
bth00520;Q8A2K0
bth00520;Q8A1S2
bth00520;Q8A1S1
bth00520;Q8A1R1
bth00520;Q8A1Q9
bth00520;Q8A1Q4
bth00520;Q8A103
bth00520;Q8A0S1
bth00520;Q8A094
bth00520;Q89ZN9
bth00520;Q89ZI3
bth00520;Q89YS7
bth00520;Q89YQ0
bth00410;Q8A4M9
bth00410;Q89ZR8
bth00410;Q89ZR7
bth01503;Q8AB08
bth01503;Q8A8F5
bth01503;Q8A6G2
bth01503;Q8A6B7
bth01503;Q8A5U7
bth01503;Q8A5I8
bth01503;Q8A5I7
bth01503;Q8A4U9
bth01503;Q8A3L4
bth01503;Q8A2G9
bth01503;Q8A2G6
bth01503;Q8A016
bth01503;Q89ZD4
bth00450;Q8ABD0
bth00450;Q8AAQ0
bth00450;Q8AAP9
bth00450;Q8A7X6
bth00450;Q8A3M1
bth00450;Q8A296
bth00450;Q8A083
bth00450;Q89ZP0
bth00340;Q8ABB0
bth00340;Q8ABA9
bth00340;Q8ABA8
bth00340;Q8ABA7
bth00340;Q8A7Z7
bth00340;Q8A7Z6
bth00340;Q8A7Z5
bth00340;Q8A7Z4
bth00340;Q8A7P6
bth00340;Q8A4B3
bth00340;Q8A4B1
bth00340;Q8A4B0
bth00340;Q8A4A9
bth00340;Q89ZW4
bth00785;Q8AB02
bth00785;Q8A8S8
bth00785;Q8A029
bth00190;Q8ABI7
bth00190;Q8ABI6
bth00190;Q8ABI5
bth00190;Q8AAC4
bth00190;Q8A9V4
bth00190;Q8A9V3
bth00190;Q8A9V1
bth00190;Q8A9V0
bth00190;Q8A9U9
bth00190;Q8A9U8
bth00190;Q8A9U7
bth00190;Q8A9U6
bth00190;Q8A8F8
bth00190;Q8A8F7
bth00190;Q8A879
bth00190;Q8A878
bth00190;Q8A877
bth00190;Q8A876
bth00190;Q8A875
bth00190;Q8A873
bth00190;Q8A7I7
bth00190;Q8A667
bth00190;Q8A3A1
bth00190;Q8A3A0
bth00190;Q8A399
bth00190;Q8A294
bth00190;Q8A0G3
bth00190;Q8A0G2
bth00190;Q8A0G1
bth00190;Q8A0G0
bth00190;Q8A0F9
bth00190;Q8A0F8
bth00190;Q8A0F7
bth00190;Q8A0F6
bth00190;Q8A0F5
bth00190;Q8A0F4
bth04122;Q8ABF5
bth04122;Q8AA17
bth04122;Q8AA12
bth04122;Q8A2F1
bth04122;Q8A0Y3
bth03010;Q8ABV5
bth03010;Q8AAP0
bth03010;Q8AAN9
bth03010;Q8A9A0
bth03010;Q8A999
bth03010;Q9RQ15
bth03010;Q8A733
bth03010;Q8A5S7
bth03010;Q8A5S6
bth03010;Q8A5S5
bth03010;Q8A4V8
bth03010;Q8A4A3
bth03010;Q8A4A1
bth03010;Q8A4A0
bth03010;Q8A499
bth03010;Q8A495
bth03010;Q8A494
bth03010;Q8A493
bth03010;Q8A492
bth03010;Q8A491
bth03010;Q8A490
bth03010;Q8A489
bth03010;Q8A488
bth03010;Q8A487
bth03010;Q8A486
bth03010;Q8A485
bth03010;Q8A484
bth03010;Q8A483
bth03010;Q8A482
bth03010;Q8A481
bth03010;Q8A480
bth03010;Q8A479
bth03010;Q8A478
bth03010;Q8A477
bth03010;Q8A476
bth03010;Q8A475
bth03010;Q8A473
bth03010;Q8A472
bth03010;Q8A468
bth03010;Q8A467
bth03010;Q8A466
bth03010;Q8A465
bth03010;Q8A418
bth03010;Q8A276
bth03010;Q8A1F6
bth03010;Q8A138
bth03010;Q8A0Z6
bth03010;Q8A0Z5
bth03010;Q8A0Z4
bth03010;Q89ZR3
bth03010;Q89ZR2
bth03010;Q89ZN2
bth03010;Q89YZ1
bth03010;-
bth03010;-
bth03010;-
bth03010;-
bth03010;-
bth03010;-
bth03010;-
bth03010;-
bth03010;-
bth03010;-
bth03010;-
bth03010;-
bth03010;-
bth03010;-
bth03010;-
bth00750;Q8A8L4
bth00750;Q8A7E7
bth00750;Q8A543
bth00750;Q8A2E4
bth00750;Q8A0V3
bth00750;Q89ZK3
bth00750;Q89ZB9
bth00261;Q8AAQ0
bth00261;Q8AAP9
bth00261;Q8A9C0
bth00261;Q8A7Z9
bth00261;Q8A6I3
bth00261;Q8A541
bth00261;Q8A3Z0
bth00261;Q8A2I5
bth00261;Q8A1M5
bth00970;Q8AAP2
bth00970;Q8AA39
bth00970;Q8A9K9
bth00970;Q8A9E3
bth00970;Q8A988
bth00970;Q8A849
bth00970;Q8A756
bth00970;Q8A6N7
bth00970;Q8A5W4
bth00970;Q8A455
bth00970;Q8A3X5
bth00970;Q8A3M1
bth00970;Q8A329
bth00970;Q8A2S5
bth00970;Q8A2F4
bth00970;Q8A1P8
bth00970;Q8A107
bth00970;Q8A0Z8
bth00970;Q8A0S6
bth00970;Q8A0M6
bth00970;Q89ZR4
bth00970;Q89ZM4
bth00970;-
bth00970;-
bth00970;-
bth00970;-
bth00970;-
bth00970;-
bth00970;-
bth00970;-
bth00970;-
bth00970;-
bth00970;-
bth00970;-
bth00970;-
bth00970;-
bth00970;-
bth00970;-
bth00970;-
bth00970;-
bth00970;-
bth00970;-
bth00970;-
bth00970;-
bth00970;-
bth00970;-
bth00970;-
bth00970;-
bth00970;-
bth00970;-
bth00970;-
bth00970;-
bth00970;-
bth00970;-
bth00970;-
bth00970;-
bth00970;-
bth00970;-
bth00970;-
bth00970;-
bth00970;-
bth00970;-
bth00970;-
bth00970;-
bth00970;-
bth00970;-
bth00970;-
bth00970;-
bth00970;-
bth00970;-
bth00970;-
bth00970;-
bth00970;-
bth00970;-
bth00970;-
bth00970;-
bth00970;-
bth00970;-
bth00970;-
bth00970;-
bth00970;-
bth00970;-
bth00970;-
bth00970;-
bth00970;-
bth00970;-
bth00970;-
bth00970;-
bth00970;-
bth00970;-
bth00970;-
bth00970;-
bth00770;Q8A9W7
bth00770;Q8A812
bth00770;Q8A612
bth00770;Q8A610
bth00770;Q8A609
bth00770;Q8A608
bth00770;Q8A3C0
bth00770;Q8A338
bth00770;Q8A0X9
bth00770;Q89ZR8
bth00770;Q89ZR7
bth00770;Q89ZL1
bth00770;Q89YY6
bth00860;Q8AAW9
bth00860;Q8AAH1
bth00860;Q8AAH0
bth00860;Q8A5S0
bth00860;Q8A455
bth00860;Q8A443
bth00860;Q8A2S9
bth00860;Q8A144
bth00590;Q8A0Q0
bth00780;Q8A9E5
bth00780;Q8A7T2
bth00780;Q8A7T1
bth00780;Q8A7T0
bth00780;Q8A7S9
bth00780;Q8A7S8
bth00780;Q8A6P2
bth00780;Q8A5K1
bth00780;Q8A2E7
bth00780;Q8A195
bth00780;Q8A033
bth00280;Q8AB03
bth00280;Q8AB00
bth00280;Q8A7S4
bth00280;Q8A740
bth00280;Q8A6G7
bth00280;Q8A5Z6
bth00280;Q8A5Z5
bth00280;Q8A2W9
bth00280;Q8A0X9
bth01502;Q8A3E7
bth01502;Q8A258
bth01502;Q8A255
bth01502;Q8A1L7
bth01502;Q8A1F3
bth01502;Q8A0C0
bth01040;Q8A195
bth03020;Q8A4A2
bth03020;Q8A470
bth03020;Q8A469
bth00121;Q8A8A8
bth00121;Q8A600
bth00523;Q8AAK1
bth00523;Q8AAK0
bth00523;Q8AAJ9
bth00523;Q8AAJ8
bth00523;Q8A9U0
bth00523;Q8A9I7
bth00523;Q8A836
bth00523;Q8A825
bth00523;Q8A6Z5
bth00523;Q8A670
bth00523;Q8A669
bth00540;Q8AAJ0
bth00540;Q8AAI9
bth00540;Q8AAI8
bth00540;Q8AAI7
bth00540;Q8A9S0
bth00540;Q8A748
bth00540;Q8A712
bth00540;Q8A6K1
bth00540;Q8A5T6
bth00540;Q8A456
bth00540;Q8A2J9
bth00540;Q8A2G9
bth00540;Q8A1G4
bth00540;Q8A0L7
bth00540;Q8A016
bth00540;Q8A015
bth00540;Q8A014
bth00540;Q89ZQ5
bth04931;Q8AAB1
bth04931;Q8A8R7
bth04931;Q8A881
bth03410;Q8AA35
bth03410;Q8A9C1
bth03410;Q8A7M6
bth03410;Q8A754
bth03410;Q8A5V6
bth03410;Q8A583
bth03410;Q8A544
bth03410;Q8A2P5
bth03410;Q8A0T2
bth03410;Q89Z89
bth03410;Q89YT0
bth00430;Q8A7H0
bth00430;Q8A4M9
bth00430;Q8A1G9
bth00430;Q8A1G8
bth03440;Q8A9C6
bth03440;Q8A8T6
bth03440;Q8A811
bth03440;Q8A810
bth03440;Q8A7U3
bth03440;Q8A7M7
bth03440;Q8A7B5
bth03440;Q8A761
bth03440;Q8A6A7
bth03440;Q8A5K9
bth03440;Q8A451
bth03440;Q8A2P5
bth03440;Q8A2M0
bth03440;Q8A2H8
bth03440;Q8A275
bth03440;Q8A147
bth03440;Q8A0U7
bth03440;Q8A0T2
bth03440;Q89ZW6
bth03440;Q89Z47
bth03440;Q45791
bth03440;Q89YV1
bth00910;Q8AAC2
bth00910;Q8AAB3
bth00910;Q8AAB2
bth00910;Q8A9X8
bth00910;Q8A9N0
bth00910;Q8A7V7
bth00910;Q8A7V6
bth00910;Q8A744
bth00910;P94598
bth00910;Q8A6B2
bth00910;Q89ZR6
bth00910;Q89ZN8
bth00401;Q8ABA8
bth00401;Q8A7P8
bth00401;Q8A529
bth00401;Q8A0T8
bth00300;Q8AAB8
bth00300;Q8AAB7
bth00300;Q8A9C0
bth00300;Q8A800
bth00300;Q8A7Z9
bth00300;Q8A6I3
bth00300;Q8A6A6
bth00300;Q8A541
bth00300;Q8A3Z0
bth00300;Q8A2I5
bth00300;Q8A254
bth00300;Q8A1M5
bth00300;Q8A1L7
bth00300;Q8A0T6
bth00300;Q89YW9
bth00480;Q8A8E6
bth00480;Q8A8E5
bth00480;Q8A7B0
bth00480;Q8A615
bth00480;Q8A0Q0
bth00480;Q8A0H6
bth00630;Q8AB03
bth00630;Q8AAH6
bth00630;Q8AAC2
bth00630;Q8A9S7
bth00630;Q8A9N0
bth00630;Q8A8M0
bth00630;Q8A8G0
bth00630;Q8A7Z3
bth00630;Q8A7T7
bth00630;Q8A7S4
bth00630;Q8A740
bth00630;Q8A6G7
bth00630;Q8A6B4
bth00630;Q8A616
bth00630;Q8A614
bth00630;Q8A5Z6
bth00630;Q8A5Z5
bth00630;Q8A4T7
bth00630;Q8A4S8
bth00630;Q8A2W9
bth00630;Q8A199
bth00630;Q8A0W0
bth00630;Q8A037
bth00630;Q89ZR1
bth00630;Q89ZN8
bth00630;Q89YZ6
bth03060;Q8AA76
bth03060;Q8A9Z8
bth03060;Q8A9K7
bth03060;Q8A9A1
bth03060;Q8A7C3
bth03060;Q8A496
bth03060;Q8A3W9
bth03060;Q8A2I7
bth03060;Q8A2I6
bth03060;Q8A0B9
bth03060;Q8A0B8
bth03060;Q89ZL5
bth03060;Q89ZJ9
bth03060;Q89YY8
bth00400;Q8ABA8
bth00400;Q8AAD8
bth00400;Q8AAD7
bth00400;Q8AAD6
bth00400;Q8AAD5
bth00400;Q8AAD4
bth00400;Q8AAD3
bth00400;Q8AAD2
bth00400;Q8A7P8
bth00400;Q8A602
bth00400;Q8A5Q2
bth00400;Q8A529
bth00400;Q8A3W2
bth00400;Q8A2B2
bth00400;Q8A0T8
bth00400;Q8A0T7
bth00400;Q8A0T5
bth00400;Q8A0P6
bth00400;Q8A006
bth00400;Q89YR7
bth03420;Q8AB59
bth03420;Q8AA95
bth03420;Q8AA87
bth03420;Q8AA08
bth03420;Q8A9C1
bth03420;Q8A6Y6
bth03420;Q8A6J1
bth03420;Q8A2P5
bth03420;Q8A2N9
bth00030;Q8AB05
bth00030;Q8AAW6
bth00030;Q8AAW5
bth00030;Q8AAH7
bth00030;Q8AAH6
bth00030;Q8A9R7
bth00030;Q8A8R5
bth00030;Q8A8R1
bth00030;Q8A8E7
bth00030;Q8A8E6
bth00030;Q8A8E5
bth00030;Q8A8D9
bth00030;Q8A7H6
bth00030;Q8A767
bth00030;Q8A766
bth00030;Q8A734
bth00030;Q8A699
bth00030;Q8A624
bth00030;Q8A5W2
bth00030;Q8A401
bth00030;Q8A400
bth00030;Q8A2P2
bth00030;Q8A2E9
bth00030;Q8A0S5
bth00030;Q89ZF2
bth01110;Q8ABD0
bth01110;Q8ABB0
bth01110;Q8ABA9
bth01110;Q8ABA8
bth01110;Q8ABA7
bth01110;Q8AB68
bth01110;Q8AB05
bth01110;Q8AB03
bth01110;Q8AB01
bth01110;Q8AB00
bth01110;Q8AAW9
bth01110;Q8AAW6
bth01110;Q8AAW5
bth01110;Q8AAV6
bth01110;Q8AAU2
bth01110;Q8AAU1
bth01110;Q8AAN7
bth01110;Q8AAE7
bth01110;Q8AAD9
bth01110;Q8AAD8
bth01110;Q8AAD7
bth01110;Q8AAD6
bth01110;Q8AAD5
bth01110;Q8AAD4
bth01110;Q8AAD3
bth01110;Q8AAD2
bth01110;Q8AAB8
bth01110;Q8AAB7
bth01110;Q8AAB4
bth01110;Q8AAB3
bth01110;Q8AAB2
bth01110;Q8AAB0
bth01110;Q8AAA7
bth01110;Q8AA58
bth01110;Q8AA41
bth01110;Q8A9W7
bth01110;Q8A9W1
bth01110;Q8A9S7
bth01110;Q8A9R7
bth01110;Q8A9P4
bth01110;Q8A9M8
bth01110;Q8A9M7
bth01110;Q8A9C0
bth01110;Q8A8R7
bth01110;Q8A8R5
bth01110;Q8A8R2
bth01110;Q8A8R1
bth01110;Q8A8M0
bth01110;Q8A8G0
bth01110;Q8A8E7
bth01110;Q8A8E6
bth01110;Q8A8E5
bth01110;Q8A8D9
bth01110;Q8A881
bth01110;Q8A857
bth01110;Q8A800
bth01110;Q8A7Z9
bth01110;Q8A7Z7
bth01110;Q8A7Z6
bth01110;Q8A7Z5
bth01110;Q8A7Z4
bth01110;Q8A7X6
bth01110;Q8A7X1
bth01110;Q8A7T7
bth01110;Q8A7S5
bth01110;Q8A7P8
bth01110;Q8A7P6
bth01110;Q8A7H6
bth01110;Q8A774
bth01110;Q8A767
bth01110;Q8A766
bth01110;Q8A765
bth01110;Q8A753
bth01110;Q8A734
bth01110;Q8A6Z2
bth01110;Q8A6U8
bth01110;Q8A6U6
bth01110;Q8A6R1
bth01110;Q8A6M5
bth01110;Q8A6M0
bth01110;Q8A6L8
bth01110;Q8A6L7
bth01110;Q8A6L6
bth01110;Q8A6K9
bth01110;Q8A6K0
bth01110;Q8A6I3
bth01110;Q8A6I2
bth01110;Q8A6G9
bth01110;Q8A6B4
bth01110;Q8A6A6
bth01110;Q8A699
bth01110;Q8A684
bth01110;Q8A672
bth01110;Q8A671
bth01110;Q8A628
bth01110;Q8A625
bth01110;Q8A624
bth01110;Q8A616
bth01110;Q8A615
bth01110;Q8A614
bth01110;Q8A612
bth01110;Q8A610
bth01110;Q8A609
bth01110;Q8A608
bth01110;Q8A602
bth01110;Q8A5W3
bth01110;Q8A5W2
bth01110;Q8A5V7
bth01110;Q8A5S0
bth01110;Q8A5Q2
bth01110;Q8A5K8
bth01110;Q8A5K7
bth01110;Q8A5I3
bth01110;Q8A543
bth01110;Q8A542
bth01110;Q8A541
bth01110;Q8A540
bth01110;Q8A531
bth01110;Q8A529
bth01110;Q8A528
bth01110;Q8A517
bth01110;Q8A507
bth01110;Q8A4V4
bth01110;Q8A4T7
bth01110;Q8A4T0
bth01110;Q8A4S9
bth01110;Q8A4S8
bth01110;Q8A4Q4
bth01110;Q8A4M9
bth01110;Q8A455
bth01110;Q8A446
bth01110;Q8A423
bth01110;Q8A414
bth01110;Q8A3Z0
bth01110;Q8A3W3
bth01110;Q8A3W2
bth01110;Q8A3V5
bth01110;Q8A3V0
bth01110;Q8A3S9
bth01110;Q8A3S3
bth01110;Q8A3S1
bth01110;Q8A3E5
bth01110;Q8A3A1
bth01110;Q8A3A0
bth01110;Q8A399
bth01110;Q8A375
bth01110;Q8A340
bth01110;Q8A338
bth01110;Q8A2W9
bth01110;Q8A2T6
bth01110;Q8A2S9
bth01110;Q8A2Q2
bth01110;Q8A2P9
bth01110;Q8A2P4
bth01110;Q8A2K5
bth01110;Q8A2J1
bth01110;Q8A2I5
bth01110;Q8A2E9
bth01110;Q8A2E5
bth01110;Q8A2B2
bth01110;Q8A2B0
bth01110;Q8A287
bth01110;Q8A1X9
bth01110;Q8A1X6
bth01110;Q8A1V9
bth01110;Q8A1U1
bth01110;Q8A1Q9
bth01110;Q8A1M5
bth01110;Q8A1E8
bth01110;Q8A1E0
bth01110;Q8A1D8
bth01110;Q8A1D3
bth01110;Q8A1B1
bth01110;Q8A1A9
bth01110;Q8A1A8
bth01110;Q8A1A7
bth01110;Q8A1A6
bth01110;Q8A155
bth01110;Q8A126
bth01110;Q8A100
bth01110;Q8A0Y7
bth01110;Q8A0X9
bth01110;Q8A0W0
bth01110;Q8A0U8
bth01110;Q8A0U6
bth01110;Q8A0U2
bth01110;Q8A0T8
bth01110;Q8A0T7
bth01110;Q8A0T6
bth01110;Q8A0T5
bth01110;Q8A0S5
bth01110;Q8A0S1
bth01110;Q8A0P6
bth01110;Q8A0L8
bth01110;Q8A0L5
bth01110;Q8A0C2
bth01110;Q8A083
bth01110;Q8A037
bth01110;Q8A018
bth01110;Q8A010
bth01110;Q8A006
bth01110;Q8A005
bth01110;Q8A004
bth01110;Q89ZW8
bth01110;Q89ZW4
bth01110;Q89ZV8
bth01110;Q89ZR9
bth01110;Q89ZR8
bth01110;Q89ZR7
bth01110;Q89ZR6
bth01110;Q89ZR1
bth01110;Q89ZQ3
bth01110;Q89ZJ1
bth01110;Q89ZJ0
bth01110;Q89ZB4
bth01110;Q89Z05
bth01110;Q89YZ8
bth01110;Q89YZ6
bth01110;Q89YW9
bth01110;Q89YS7
bth01110;Q89YR7
bth01110;Q89YQ3
bth01110;Q89YN1
bth01110;Q89YN0
bth01110;Q89YM9
bth01110;Q89YM7
bth01110;Q89YL7
bth00680;Q8A9S7
bth00680;Q8A9I3
bth00680;Q8A8R5
bth00680;Q8A8R2
bth00680;Q8A8R1
bth00680;Q8A8L5
bth00680;Q8A8L4
bth00680;Q8A8G0
bth00680;Q8A8D9
bth00680;Q8A766
bth00680;Q8A765
bth00680;Q8A734
bth00680;Q8A624
bth00680;Q8A542
bth00680;Q8A4T7
bth00680;Q8A2E9
bth00680;Q8A287
bth00680;Q8A1G9
bth00680;Q8A1G8
bth00680;Q8A1B1
bth00680;Q8A0W0
bth00680;Q89Z05
bth01210;Q8A7Z9
bth01210;Q8A7P8
bth01210;Q8A6M0
bth01210;Q8A6L9
bth01210;Q8A6L8
bth01210;Q8A6L7
bth01210;Q8A6L6
bth01210;Q8A6I3
bth01210;Q8A616
bth01210;Q8A615
bth01210;Q8A614
bth01210;Q8A612
bth01210;Q8A610
bth01210;Q8A609
bth01210;Q8A608
bth01210;Q8A529
bth01210;Q8A2B0
bth01210;Q8A1V9
bth01210;Q8A1M5
bth01210;Q8A1A8
bth01210;Q8A1A7
bth01210;Q8A0X9
bth01120;Q8AB05
bth01120;Q8AB03
bth01120;Q8AB01
bth01120;Q8AAY3
bth01120;Q8AAY2
bth01120;Q8AAY1
bth01120;Q8AAX9
bth01120;Q8AAW6
bth01120;Q8AAW5
bth01120;Q8AAV9
bth01120;Q8AAV6
bth01120;Q8AAU2
bth01120;Q8AAQ3
bth01120;Q8AAQ1
bth01120;Q8AAQ0
bth01120;Q8AAP9
bth01120;Q8AAN6
bth01120;Q8AAH7
bth01120;Q8AAH6
bth01120;Q8AAF0
bth01120;Q8AAC2
bth01120;Q8AAB7
bth01120;Q8AAB3
bth01120;Q8AAB2
bth01120;Q8AA94
bth01120;Q8AA58
bth01120;Q8AA21
bth01120;Q8A9S8
bth01120;Q8A9S7
bth01120;Q8A9R7
bth01120;Q8A9N0
bth01120;Q8A9M8
bth01120;Q8A9M7
bth01120;Q8A9I3
bth01120;Q8A9C0
bth01120;Q8A8R9
bth01120;Q8A8R5
bth01120;Q8A8R2
bth01120;Q8A8R1
bth01120;Q8A8L5
bth01120;Q8A8L4
bth01120;Q8A8H1
bth01120;Q8A8G0
bth01120;Q8A8E7
bth01120;Q8A8E6
bth01120;Q8A8E5
bth01120;Q8A8D9
bth01120;Q9RQ13, Q7C426
bth01120;G8JZS7
bth01120;Q8A800
bth01120;Q8A7Z9
bth01120;Q8A7Y1
bth01120;Q8A7V7
bth01120;Q8A7V6
bth01120;Q8A7S5
bth01120;Q8A7S4
bth01120;Q8A7H6
bth01120;Q8A7E9
bth01120;Q8A7E7
bth01120;Q8A7B8
bth01120;Q8A767
bth01120;Q8A766
bth01120;Q8A765
bth01120;Q8A753
bth01120;Q8A740
bth01120;Q8A734
bth01120;Q8A728
bth01120;Q8A706
bth01120;Q8A705
bth01120;Q8A6X8
bth01120;Q8A6R1
bth01120;Q8A6M5
bth01120;Q8A6I3
bth01120;Q8A6G9
bth01120;Q8A6G7
bth01120;Q8A6B5
bth01120;Q8A699
bth01120;Q8A624
bth01120;Q8A616
bth01120;Q8A615
bth01120;Q8A614
bth01120;Q8A5Z6
bth01120;Q8A5Z5
bth01120;Q8A5W2
bth01120;Q8A5T8
bth01120;Q8A5I3
bth01120;Q8A543
bth01120;Q8A542
bth01120;Q8A541
bth01120;Q8A517
bth01120;Q8A4V4
bth01120;Q8A4T7
bth01120;Q8A4M9
bth01120;Q8A414
bth01120;Q8A3Z0
bth01120;Q8A3W8
bth01120;Q8A3W7
bth01120;Q8A3W3
bth01120;Q8A3V5
bth01120;Q8A3S9
bth01120;Q8A3A1
bth01120;Q8A3A0
bth01120;Q8A399
bth01120;Q8A375
bth01120;Q8A2W9
bth01120;Q8A2P9
bth01120;Q8A2I5
bth01120;Q8A2E9
bth01120;Q8A287
bth01120;Q8A1X9
bth01120;Q8A1X6
bth01120;Q8A1Q9
bth01120;Q8A1M5
bth01120;Q8A1G9
bth01120;Q8A1G8
bth01120;Q8A1F8
bth01120;Q8A1B1
bth01120;Q8A1A3
bth01120;Q8A1A2
bth01120;Q8A1A0
bth01120;Q8A199
bth01120;Q8A146
bth01120;Q8A0W0
bth01120;Q8A0U2
bth01120;Q8A0S5
bth01120;Q8A0S3
bth01120;Q89ZV8
bth01120;Q89ZR6
bth01120;Q89ZN8
bth01120;Q89Z05
bth01120;Q89YS7
bth00521;Q8AAK1
bth00521;Q8AAK0
bth00521;Q8AAJ9
bth00521;Q8AAJ8
bth00521;Q8A9U0
bth00521;Q8A9I7
bth00521;Q8A836
bth00521;Q8A825
bth00521;Q8A7J8
bth00521;Q8A7H6
bth00521;Q8A6Z5
bth00521;Q8A670
bth00521;Q8A669
bth00521;Q8A517
bth00521;Q8A4V4
bth00521;Q8A403
bth00521;Q8A1Q9
bth00521;Q89YS7
bth00511;Q8AAK9
bth00511;Q8AAK6
bth00511;Q8AAK5
bth00511;Q8AAK4
bth00511;Q8AAK3
bth00511;Q8AAF9
bth00511;Q8A9Q8
bth00511;Q8A934
bth00511;Q8A924
bth00511;Q8A907
bth00511;Q8A8W6
bth00511;Q8A7A0
bth00511;Q8A799
bth00511;Q8A798
bth00511;Q8A6N5
bth00511;Q8A5P7
bth00511;Q8A4Y8
bth00511;Q8A3I5
bth00511;Q8A300
bth00511;Q8A2Y2
bth00511;Q8A2X7
bth00511;Q8A2X6
bth00511;Q8A2L2
bth00511;Q8A2J3
bth00511;Q8A2G5
bth00511;Q8A1R1
bth00511;Q8A1J6
bth00511;Q8A192
bth00511;Q8A103
bth00511;Q8A0R5
bth00511;Q8A0H1
bth00511;Q8A0E9
bth00511;Q8A085
bth00511;Q89ZY0
bth00511;Q89ZN9
bth00511;Q89ZI3
bth00511;Q89YR4
bth00511;Q89YQ0
bth00511;Q89YP9
bth00511;Q89YP7
bth00511;Q89YL8
bth00350;Q8ABA8
bth00350;Q8A7P8
bth00350;Q8A529
bth00660;Q8A9M8
bth00660;Q8A9M7
bth00660;Q8A6M0
bth00660;Q8A6L9
bth00660;Q8A6L8
bth00660;Q8A6L7
bth00660;Q8A610
bth00660;Q8A609
bth00670;Q8ABD0
bth00670;Q8A9W1
bth00670;Q8A9S8
bth00670;Q8A9S7
bth00670;Q8A7Z3
bth00670;Q8A7B8
bth00670;Q8A639
bth00670;Q8A638
bth00670;Q8A4B0
bth00670;Q8A3S1
bth00670;Q8A2E5
bth00670;Q8A155
bth00670;Q8A146
bth00670;Q8A0S6
bth00670;Q89ZW3
bth00670;Q89YZ6
bth00053;Q8AAV9
bth00053;Q8AAT5
bth00053;Q8AA66
bth00053;Q8A9I6
bth00053;Q8A833
bth00061;Q8ABI8
bth00061;Q8A9Y1
bth00061;Q8A9M6
bth00061;Q8A8E1
bth00061;Q8A7S5
bth00061;Q8A7G9
bth00061;Q8A6G9
bth00061;Q8A5T4
bth00061;Q8A2E7
bth00061;Q8A1V8
bth00061;Q8A195
bth00061;Q8A137
bth00061;Q8A033
bth00061;Q8A015
bth00380;Q8A7N2
bth00380;Q8A6B4
bth01130;Q8ABA8
bth01130;Q8AB05
bth01130;Q8AB03
bth01130;Q8AB01
bth01130;Q8AB00
bth01130;Q8AAY2
bth01130;Q8AAY1
bth01130;Q8AAW6
bth01130;Q8AAW5
bth01130;Q8AAV6
bth01130;Q8AAU2
bth01130;Q8AAQ3
bth01130;Q8AAQ0
bth01130;Q8AAP9
bth01130;Q8AAK1
bth01130;Q8AAK0
bth01130;Q8AAJ9
bth01130;Q8AAJ8
bth01130;Q8AAE7
bth01130;Q8AAD8
bth01130;Q8AAD7
bth01130;Q8AAD6
bth01130;Q8AAD5
bth01130;Q8AAD4
bth01130;Q8AAD3
bth01130;Q8AAD2
bth01130;Q8AAB8
bth01130;Q8AAB7
bth01130;Q8AAB3
bth01130;Q8AAB2
bth01130;Q8AAB1
bth01130;Q8AAB0
bth01130;Q8AA41
bth01130;Q8A9Z0
bth01130;Q8A9Y9
bth01130;Q8A9W1
bth01130;Q8A9U0
bth01130;Q8A9S7
bth01130;Q8A9R7
bth01130;Q8A9M8
bth01130;Q8A9M7
bth01130;Q8A9I7
bth01130;Q8A9I3
bth01130;Q8A9C0
bth01130;Q8A8R5
bth01130;Q8A8R2
bth01130;Q8A8R1
bth01130;Q8A8M0
bth01130;Q8A8L5
bth01130;Q8A8L4
bth01130;Q8A8G0
bth01130;Q8A8E7
bth01130;Q8A8E6
bth01130;Q8A8E5
bth01130;Q8A8D9
bth01130;Q8A836
bth01130;Q8A825
bth01130;Q8A800
bth01130;Q8A7Z9
bth01130;Q8A7X1
bth01130;Q8A7T7
bth01130;Q8A7S5
bth01130;Q8A7S4
bth01130;Q8A7P8
bth01130;Q8A7J8
bth01130;Q8A7H6
bth01130;Q8A774
bth01130;Q8A767
bth01130;Q8A766
bth01130;Q8A765
bth01130;Q8A753
bth01130;Q8A734
bth01130;Q8A706
bth01130;Q8A705
bth01130;Q8A6Z5
bth01130;Q8A6Z2
bth01130;Q8A6X8
bth01130;Q8A6R1
bth01130;Q8A6M5
bth01130;Q8A6I3
bth01130;Q8A6I2
bth01130;Q8A6G9
bth01130;Q8A6G7
bth01130;Q8A6B4
bth01130;Q8A699
bth01130;Q8A684
bth01130;Q8A670
bth01130;Q8A669
bth01130;Q8A628
bth01130;Q8A625
bth01130;Q8A624
bth01130;Q8A616
bth01130;Q8A615
bth01130;Q8A614
bth01130;Q8A612
bth01130;Q8A610
bth01130;Q8A609
bth01130;Q8A608
bth01130;Q8A602
bth01130;Q8A5W2
bth01130;Q8A5Q2
bth01130;Q8A5I3
bth01130;Q8A542
bth01130;Q8A541
bth01130;Q8A529
bth01130;Q8A517
bth01130;Q8A4V4
bth01130;Q8A4T7
bth01130;Q8A4T0
bth01130;Q8A4S9
bth01130;Q8A4S8
bth01130;Q8A414
bth01130;Q8A3Z0
bth01130;Q8A3W8
bth01130;Q8A3W7
bth01130;Q8A3W3
bth01130;Q8A3W2
bth01130;Q8A3V5
bth01130;Q8A3S3
bth01130;Q8A3S1
bth01130;Q8A3A1
bth01130;Q8A3A0
bth01130;Q8A399
bth01130;Q8A375
bth01130;Q8A340
bth01130;Q8A2W9
bth01130;Q8A2Q2
bth01130;Q8A2I5
bth01130;Q8A2E9
bth01130;Q8A2E5
bth01130;Q8A2B2
bth01130;Q8A2B0
bth01130;Q8A287
bth01130;Q8A1X9
bth01130;Q8A1X6
bth01130;Q8A1V9
bth01130;Q8A1S1
bth01130;Q8A1Q9
bth01130;Q8A1M5
bth01130;Q8A1E8
bth01130;Q8A1E7
bth01130;Q8A1D3
bth01130;Q8A1B1
bth01130;Q8A1A9
bth01130;Q8A1A8
bth01130;Q8A1A7
bth01130;Q8A1A6
bth01130;Q8A155
bth01130;Q8A100
bth01130;Q8A0Y7
bth01130;Q8A0X9
bth01130;Q8A0W0
bth01130;Q8A0U8
bth01130;Q8A0U6
bth01130;Q8A0U2
bth01130;Q8A0T8
bth01130;Q8A0T7
bth01130;Q8A0T6
bth01130;Q8A0T5
bth01130;Q8A0S5
bth01130;Q8A0P6
bth01130;Q8A0C2
bth01130;Q8A037
bth01130;Q8A010
bth01130;Q8A006
bth01130;Q8A004
bth01130;Q89ZV8
bth01130;Q89ZR6
bth01130;Q89ZR1
bth01130;Q89ZJ0
bth01130;Q89Z70
bth01130;Q89Z05
bth01130;Q89YZ8
bth01130;Q89YZ6
bth01130;Q89YW9
bth01130;Q89YS7
bth01130;Q89YR7
bth01130;Q89YQ3
bth01130;Q89YN1
bth00020;Q8AB03
bth00020;Q8AB01
bth00020;Q8AAY3
bth00020;Q8AAY2
bth00020;Q8AAY1
bth00020;Q8AAX9
bth00020;Q8A9M8
bth00020;Q8A9M7
bth00020;Q8A8H1
bth00020;Q8A728
bth00020;Q8A6X8
bth00020;Q8A616
bth00020;Q8A615
bth00020;Q8A614
bth00020;Q8A5I3
bth00020;Q8A4T7
bth00020;Q8A414
bth00020;Q8A3W8
bth00020;Q8A3W7
bth00020;Q8A3A1
bth00020;Q8A3A0
bth00020;Q8A399
bth00020;Q8A2W9
bth00020;Q8A0W0
bth01230;Q8ABD0
bth01230;Q8ABB0
bth01230;Q8ABA9
bth01230;Q8ABA8
bth01230;Q8ABA7
bth01230;Q8AAW6
bth01230;Q8AAW5
bth01230;Q8AAD8
bth01230;Q8AAD7
bth01230;Q8AAD6
bth01230;Q8AAD5
bth01230;Q8AAD4
bth01230;Q8AAD3
bth01230;Q8AAD2
bth01230;Q8AAC2
bth01230;Q8AAB8
bth01230;Q8AAB7
bth01230;Q8AAB3
bth01230;Q8AAB2
bth01230;Q8AA58
bth01230;Q8A9T0
bth01230;Q8A9S7
bth01230;Q8A9R7
bth01230;Q8A9N0
bth01230;Q8A9I3
bth01230;Q8A9C0
bth01230;Q8A8R5
bth01230;Q8A8R2
bth01230;Q8A8R1
bth01230;Q8A8L5
bth01230;Q8A8L4
bth01230;Q8A8H1
bth01230;Q8A800
bth01230;Q8A7Z9
bth01230;Q8A7Z7
bth01230;Q8A7Z6
bth01230;Q8A7Z5
bth01230;Q8A7Z4
bth01230;Q8A7X6
bth01230;Q8A7P8
bth01230;Q8A7P6
bth01230;Q8A767
bth01230;Q8A766
bth01230;Q8A765
bth01230;Q8A753
bth01230;Q8A734
bth01230;Q8A728
bth01230;Q8A6R1
bth01230;Q8A6M5
bth01230;Q8A6M0
bth01230;Q8A6L9
bth01230;Q8A6L8
bth01230;Q8A6L7
bth01230;Q8A6L6
bth01230;Q8A6I3
bth01230;Q8A6I2
bth01230;Q8A6A6
bth01230;Q8A699
bth01230;Q8A624
bth01230;Q8A616
bth01230;Q8A615
bth01230;Q8A614
bth01230;Q8A612
bth01230;Q8A610
bth01230;Q8A609
bth01230;Q8A608
bth01230;Q8A602
bth01230;Q8A5V7
bth01230;Q8A5Q2
bth01230;Q8A543
bth01230;Q8A542
bth01230;Q8A541
bth01230;Q8A531
bth01230;Q8A529
bth01230;Q8A3Z0
bth01230;Q8A3W3
bth01230;Q8A3W2
bth01230;Q8A3S9
bth01230;Q8A375
bth01230;Q8A2T6
bth01230;Q8A2P9
bth01230;Q8A2I5
bth01230;Q8A2E9
bth01230;Q8A2B2
bth01230;Q8A2B0
bth01230;Q8A287
bth01230;Q8A1V9
bth01230;Q8A1M5
bth01230;Q8A1E8
bth01230;Q8A1E7
bth01230;Q8A1D3
bth01230;Q8A1A9
bth01230;Q8A1A8
bth01230;Q8A1A7
bth01230;Q8A1A6
bth01230;Q8A0X9
bth01230;Q8A0U2
bth01230;Q8A0T8
bth01230;Q8A0T7
bth01230;Q8A0T6
bth01230;Q8A0T5
bth01230;Q8A0S5
bth01230;Q8A0P6
bth01230;Q8A083
bth01230;Q8A006
bth01230;Q89ZW4
bth01230;Q89ZV8
bth01230;Q89ZR6
bth01230;Q89ZN8
bth01230;Q89ZC6
bth01230;Q89Z05
bth01230;Q89YW9
bth01230;Q89YR7
bth01230;Q89YQ3
bth00051;Q8AB05
bth00051;Q8AAW6
bth00051;Q8AAU1
bth00051;Q8AAA7
bth00051;Q8A9M2
bth00051;Q8A8R5
bth00051;Q8A8R1
bth00051;Q8A8E3
bth00051;Q8A8E2
bth00051;Q8A8D9
bth00051;Q9RQ13, Q7C426
bth00051;G8JZS7
bth00051;Q8A766
bth00051;Q8A734
bth00051;Q8A6W9
bth00051;Q8A6W7
bth00051;Q8A6W1
bth00051;Q8A624
bth00051;Q8A517
bth00051;Q8A423
bth00051;Q8A2K0
bth00051;Q8A2E9
bth00051;Q8A1A3
bth00051;Q8A1A2
bth00051;Q8A1A0
bth00051;Q8A0U2
bth00051;Q8A0S1
bth00130;Q8A672
bth00130;Q8A671
bth00130;Q8A005
bth00130;Q89YN1
bth00130;Q89YN0
bth00130;Q89YM9
bth00130;Q89YM7
bth02020;Q8ABV1
bth02020;Q8ABU5
bth02020;Q8ABB4
bth02020;Q8AAC2
bth02020;Q8AAC0
bth02020;Q8A9N0
bth02020;Q8A8F8
bth02020;Q8A8F7
bth02020;Q8A8F5
bth02020;Q8A850
bth02020;Q8A5U5
bth02020;Q8A5S2
bth02020;Q8A523
bth02020;Q8A521
bth02020;Q8A520
bth02020;Q8A519
bth02020;Q8A4U9
bth02020;Q8A4S6
bth02020;Q8A4I1
bth02020;Q8A4D5
bth02020;Q8A3E7
bth02020;Q8A1F8
bth02020;Q8A166
bth02020;Q89ZN8
bth02020;Q89YK3
bth03070;Q8AA76
bth03070;Q8A9A1
bth03070;Q8A8F5
bth03070;Q8A7C3
bth03070;Q8A4U9
bth03070;Q8A496
bth03070;Q8A3W9
bth03070;Q8A0B9
bth03070;Q8A0B8
bth03070;Q89ZL5
bth03070;Q89ZJ9
bth03070;Q89YY8
bth00920;Q8AAQ3
bth00920;Q8AAQ1
bth00920;Q8AAQ0
bth00920;Q8AAP9
bth00920;Q8AAF0
bth00920;Q8AA58
bth00920;Q8A6M5
bth00920;Q8A531
bth00920;Q8A3S9
bth00920;Q8A375
bth00920;Q8A2P9
bth00920;Q8A0S3
bth01100;Q8ABI8
bth01100;Q8ABI7
bth01100;Q8ABI6
bth01100;Q8ABI5
bth01100;Q8ABI1
bth01100;Q8ABH8
bth01100;Q8ABH7
bth01100;Q8ABD0
bth01100;Q8ABC6
bth01100;Q8ABB0
bth01100;Q8ABA9
bth01100;Q8ABA8
bth01100;Q8ABA7
bth01100;Q8ABA5
bth01100;Q8AB68
bth01100;Q8AB61
bth01100;Q8AB60
bth01100;Q8AB53
bth01100;Q8AB05
bth01100;Q8AB03
bth01100;Q8AB01
bth01100;Q8AB00
bth01100;Q8AAY3
bth01100;Q8AAY2
bth01100;Q8AAY1
bth01100;Q8AAX9
bth01100;Q8AAW9
bth01100;Q8AAW6
bth01100;Q8AAW5
bth01100;Q8AAW1
bth01100;Q8AAV9
bth01100;Q8AAV6
bth01100;Q8AAU4
bth01100;Q8AAU2
bth01100;Q8AAU1
bth01100;Q8AAT5
bth01100;Q8AAT3
bth01100;Q8AAT1
bth01100;Q8AAQ3
bth01100;Q8AAQ1
bth01100;Q8AAQ0
bth01100;Q8AAP9
bth01100;Q8AAN7
bth01100;Q8AAM6
bth01100;Q8AAK5
bth01100;Q8AAK4
bth01100;Q8AAK3
bth01100;Q8AAK1
bth01100;Q8AAK0
bth01100;Q8AAJ9
bth01100;Q8AAJ8
bth01100;Q8AAI9
bth01100;Q8AAI7
bth01100;Q8AAH9
bth01100;Q8AAH7
bth01100;Q8AAH6
bth01100;Q8AAH1
bth01100;Q8AAH0
bth01100;Q8AAF9
bth01100;Q8AAE7
bth01100;Q8AAD9
bth01100;Q8AAD8
bth01100;Q8AAD7
bth01100;Q8AAD6
bth01100;Q8AAD5
bth01100;Q8AAD4
bth01100;Q8AAD3
bth01100;Q8AAD2
bth01100;Q8AAC2
bth01100;Q8AAB8
bth01100;Q8AAB7
bth01100;Q8AAB4
bth01100;Q8AAB3
bth01100;Q8AAB2
bth01100;Q8AAB1
bth01100;Q8AAB0
bth01100;Q8AAA9
bth01100;Q8AAA8
bth01100;Q8AAA7
bth01100;Q8AA75
bth01100;Q8AA66
bth01100;Q8AA64
bth01100;Q8AA58
bth01100;Q8AA42
bth01100;Q8AA41
bth01100;Q8AA21
bth01100;Q8AA18
bth01100;Q8AA16
bth01100;Q8AA15
bth01100;Q8AA14
bth01100;Q8AA13
bth01100;Q8A9Z1
bth01100;Q8A9Y2
bth01100;Q8A9Y1
bth01100;Q8A9W7
bth01100;Q8A9W1
bth01100;Q8A9V4
bth01100;Q8A9V3
bth01100;Q8A9V1
bth01100;Q8A9V0
bth01100;Q8A9U9
bth01100;Q8A9U8
bth01100;Q8A9U7
bth01100;Q8A9U6
bth01100;Q8A9U0
bth01100;Q8A9T0
bth01100;Q8A9S8
bth01100;Q8A9S7
bth01100;Q8A9S4
bth01100;Q8A9S3
bth01100;Q8A9S2
bth01100;Q8A9S1
bth01100;Q8A9S0
bth01100;Q8A9R7
bth01100;Q8A9Q8
bth01100;Q8A9P4
bth01100;Q8A9N0
bth01100;Q8A9M8
bth01100;Q8A9M7
bth01100;Q8A9M6
bth01100;Q8A9M5
bth01100;Q8A9M3
bth01100;Q8A9M2
bth01100;Q8A9J2
bth01100;Q8A9J0
bth01100;Q8A9I7
bth01100;Q8A9I6
bth01100;Q8A9I3
bth01100;Q8A9E5
bth01100;Q8A9E0
bth01100;Q8A9C6
bth01100;Q8A9C4
bth01100;Q8A9C3
bth01100;Q8A9C0
bth01100;Q8A934
bth01100;Q8A924
bth01100;Q8A908
bth01100;Q8A8W6
bth01100;Q8A8V8
bth01100;Q8A8T8
bth01100;Q8A8S8
bth01100;Q8A8R7
bth01100;Q8A8R5
bth01100;Q8A8R2
bth01100;Q8A8R1
bth01100;Q8A8M0
bth01100;Q8A8L5
bth01100;Q8A8L4
bth01100;Q8A8H1
bth01100;Q8A8G5
bth01100;Q8A8G4
bth01100;Q8A8G0
bth01100;Q8A8F8
bth01100;Q8A8F7
bth01100;Q8A8E7
bth01100;Q8A8E6
bth01100;Q8A8E5
bth01100;Q8A8E3
bth01100;Q8A8E2
bth01100;Q8A8E1
bth01100;Q8A8D9
bth01100;Q8A8A8
bth01100;Q8A881
bth01100;Q8A879
bth01100;Q8A878
bth01100;Q8A877
bth01100;Q8A876
bth01100;Q8A875
bth01100;Q8A873
bth01100;Q8A857
bth01100;Q8A849
bth01100;Q8A841
bth01100;Q8A839
bth01100;Q8A836
bth01100;Q8A833
bth01100;Q8A832
bth01100;Q8A825
bth01100;Q8A823
bth01100;Q8A812
bth01100;Q8A811
bth01100;Q8A810
bth01100;Q8A806
bth01100;Q8A800
bth01100;Q8A7Z9
bth01100;Q8A7Z7
bth01100;Q8A7Z6
bth01100;Q8A7Z5
bth01100;Q8A7Z4
bth01100;Q8A7Y1
bth01100;Q8A7X6
bth01100;Q8A7X1
bth01100;Q8A7U3
bth01100;Q8A7U2
bth01100;Q8A7T7
bth01100;Q8A7T2
bth01100;Q8A7T1
bth01100;Q8A7T0
bth01100;Q8A7S9
bth01100;Q8A7S8
bth01100;Q8A7S5
bth01100;Q8A7S4
bth01100;Q8A7P8
bth01100;Q8A7P6
bth01100;Q8A7K1
bth01100;Q8A7J9
bth01100;Q8A7J8
bth01100;Q8A7I5
bth01100;Q8A7I0
bth01100;Q8A7H6
bth01100;Q8A7H0
bth01100;Q8A7G9
bth01100;Q8A7G4
bth01100;Q8A7G0
bth01100;Q8A7F8
bth01100;Q8A7E7
bth01100;Q8A7B8
bth01100;Q8A7B5
bth01100;Q8A7B0
bth01100;Q8A799
bth01100;Q8A798
bth01100;Q8A774
bth01100;Q8A767
bth01100;Q8A766
bth01100;Q8A765
bth01100;Q8A753
bth01100;Q8A748
bth01100;Q8A740
bth01100;Q8A736
bth01100;Q8A734
bth01100;Q8A729
bth01100;Q8A728
bth01100;Q8A727
bth01100;Q8A712
bth01100;Q8A707
bth01100;Q8A706
bth01100;Q8A705
bth01100;Q8A6Z5
bth01100;Q8A6Z2
bth01100;Q8A6X8
bth01100;Q8A6W9
bth01100;Q8A6W6
bth01100;Q8A6U8
bth01100;Q8A6U6
bth01100;Q8A6R1
bth01100;Q8A6P2
bth01100;Q8A6P1
bth01100;Q8A6N4
bth01100;Q8A6M5
bth01100;Q8A6M0
bth01100;Q8A6L9
bth01100;Q8A6L8
bth01100;Q8A6L7
bth01100;Q8A6L6
bth01100;Q8A6L0
bth01100;Q8A6K9
bth01100;Q8A6K1
bth01100;Q8A6K0
bth01100;Q8A6J9
bth01100;Q8A6I3
bth01100;Q8A6I2
bth01100;Q8A6H1
bth01100;Q8A6G9
bth01100;Q8A6G7
bth01100;Q8A6G1
bth01100;Q8A6B5
bth01100;P94598
bth01100;Q8A6B2
bth01100;Q8A6A6
bth01100;Q8A699
bth01100;Q8A688
bth01100;Q8A684
bth01100;Q8A681
bth01100;Q8A677
bth01100;Q8A675
bth01100;Q8A672
bth01100;Q8A671
bth01100;Q8A670
bth01100;Q8A669
bth01100;Q8A640
bth01100;Q8A639
bth01100;Q8A638
bth01100;Q8A628
bth01100;Q8A626
bth01100;Q8A625
bth01100;Q8A624
bth01100;Q8A616
bth01100;Q8A615
bth01100;Q8A614
bth01100;Q8A612
bth01100;Q8A610
bth01100;Q8A609
bth01100;Q8A608
bth01100;Q8A602
bth01100;Q8A600
bth01100;Q8A5Z6
bth01100;Q8A5Z5
bth01100;Q8A5W2
bth01100;Q8A5V7
bth01100;Q8A5U3
bth01100;Q8A5U2
bth01100;Q8A5T9
bth01100;Q8A5T6
bth01100;Q8A5T4
bth01100;Q8A5S0
bth01100;Q8A5Q2
bth01100;Q8A5P7
bth01100;Q8A5K9
bth01100;Q8A5K8
bth01100;Q8A5K7
bth01100;Q8A5K1
bth01100;Q8A5J7
bth01100;Q8A5I3
bth01100;Q8A5G4
bth01100;Q8A560
bth01100;Q8A555
bth01100;Q8A545
bth01100;Q8A543
bth01100;Q8A542
bth01100;Q8A541
bth01100;Q8A540
bth01100;Q8A531
bth01100;Q8A529
bth01100;Q8A528
bth01100;Q8A525
bth01100;Q8A517
bth01100;Q8A507
bth01100;Q8A4Y8
bth01100;Q8A4V4
bth01100;Q8A4T7
bth01100;Q8A4T0
bth01100;Q8A4S9
bth01100;Q8A4S8
bth01100;Q8A4S0
bth01100;Q8A4Q4
bth01100;Q8A4P6
bth01100;Q8A4P5
bth01100;Q8A4M9
bth01100;Q8A4M8
bth01100;Q8A4H9
bth01100;Q8A4B3
bth01100;Q8A4B1
bth01100;Q8A4B0
bth01100;Q8A4A9
bth01100;Q8A4A2
bth01100;Q8A470
bth01100;Q8A469
bth01100;Q8A456
bth01100;Q8A455
bth01100;Q8A448
bth01100;Q8A446
bth01100;Q8A443
bth01100;Q8A423
bth01100;Q8A414
bth01100;Q8A413
bth01100;Q8A407
bth01100;Q8A403
bth01100;Q8A401
bth01100;Q8A400
bth01100;Q8A3Z0
bth01100;Q8A3W8
bth01100;Q8A3W7
bth01100;Q8A3W3
bth01100;Q8A3W2
bth01100;Q8A3V5
bth01100;Q8A3V0
bth01100;Q8A3S9
bth01100;Q8A3S3
bth01100;Q8A3S1
bth01100;Q8A3P5
bth01100;Q8A3L0
bth01100;Q8A3J9
bth01100;Q8A3I5
bth01100;Q8A3E5
bth01100;Q8A3C0
bth01100;Q8A3A1
bth01100;Q8A3A0
bth01100;Q8A399
bth01100;Q8A375
bth01100;Q8A369
bth01100;Q8A340
bth01100;Q8A338
bth01100;Q8A309
bth01100;Q8A2Z2
bth01100;Q8A2Z1
bth01100;Q8A2X7
bth01100;Q8A2X6
bth01100;Q8A2X1
bth01100;Q8A2W9
bth01100;Q8A2T9
bth01100;Q8A2T6
bth01100;Q8A2S9
bth01100;Q8A2Q2
bth01100;Q8A2P9
bth01100;Q8A2P5
bth01100;Q8A2N8
bth01100;Q8A2L2
bth01100;Q8A2L1
bth01100;Q8A2K6
bth01100;Q8A2K5
bth01100;Q8A2K0
bth01100;Q8A2J9
bth01100;Q8A2J3
bth01100;Q8A2J1
bth01100;Q8A2I5
bth01100;Q8A2G9
bth01100;Q8A2G5
bth01100;Q8A2E9
bth01100;Q8A2E7
bth01100;Q8A2E5
bth01100;Q8A2E4
bth01100;Q8A2B2
bth01100;Q8A2B1
bth01100;Q8A2B0
bth01100;Q8A296
bth01100;Q8A287
bth01100;Q8A259
bth01100;Q8A258
bth01100;Q8A256
bth01100;Q8A255
bth01100;Q8A245
bth01100;Q8A1X9
bth01100;Q8A1X6
bth01100;Q8A1V9
bth01100;Q8A1V8
bth01100;Q8A1U1
bth01100;Q8A1S2
bth01100;Q8A1R9
bth01100;Q8A1R1
bth01100;Q8A1Q9
bth01100;Q8A1M5
bth01100;Q8A1L7
bth01100;Q8A1L5
bth01100;Q8A1G9
bth01100;Q8A1G8
bth01100;Q8A1G4
bth01100;Q8A1F8
bth01100;Q8A1F3
bth01100;Q8A1E8
bth01100;Q8A1E7
bth01100;Q8A1E4
bth01100;Q8A1D8
bth01100;Q8A1D5
bth01100;Q8A1D3
bth01100;Q8A1B1
bth01100;Q8A1A9
bth01100;Q8A1A8
bth01100;Q8A1A7
bth01100;Q8A1A6
bth01100;Q8A195
bth01100;Q8A155
bth01100;Q8A147
bth01100;Q8A146
bth01100;Q8A137
bth01100;Q8A126
bth01100;Q8A105
bth01100;Q8A103
bth01100;Q8A100
bth01100;Q8A0Y7
bth01100;Q8A0X9
bth01100;Q8A0W0
bth01100;Q8A0V4
bth01100;Q8A0V3
bth01100;Q8A0U8
bth01100;Q8A0U6
bth01100;Q8A0U2
bth01100;Q8A0U0
bth01100;Q8A0T8
bth01100;Q8A0T7
bth01100;Q8A0T6
bth01100;Q8A0T5
bth01100;Q8A0S5
bth01100;Q8A0S3
bth01100;Q8A0S1
bth01100;Q8A0P6
bth01100;Q8A0P3
bth01100;Q8A0L8
bth01100;Q8A0L7
bth01100;Q8A0L5
bth01100;Q8A0H6
bth01100;Q8A0H1
bth01100;Q8A0G3
bth01100;Q8A0G2
bth01100;Q8A0G1
bth01100;Q8A0G0
bth01100;Q8A0F9
bth01100;Q8A0F8
bth01100;Q8A0F7
bth01100;Q8A0F6
bth01100;Q8A0F5
bth01100;Q8A0F4
bth01100;Q8A0C2
bth01100;Q8A0C0
bth01100;Q8A0B4
bth01100;Q8A0B2
bth01100;Q8A0B1
bth01100;Q8A094
bth01100;Q8A083
bth01100;Q8A037
bth01100;Q8A033
bth01100;Q8A029
bth01100;Q8A018
bth01100;Q8A016
bth01100;Q8A015
bth01100;Q8A014
bth01100;Q8A012
bth01100;Q8A010
bth01100;Q8A006
bth01100;Q8A005
bth01100;Q8A004
bth01100;Q89ZY0
bth01100;Q89ZW8
bth01100;Q89ZW4
bth01100;Q89ZW3
bth01100;Q89ZW1
bth01100;Q89ZV8
bth01100;Q89ZV6
bth01100;Q89ZS1
bth01100;Q89ZR9
bth01100;Q89ZR8
bth01100;Q89ZR7
bth01100;Q89ZR6
bth01100;Q89ZR1
bth01100;Q89ZQ5
bth01100;Q89ZQ3
bth01100;Q89ZN9
bth01100;Q89ZN8
bth01100;Q89ZL8
bth01100;Q89ZL1
bth01100;Q89ZK3
bth01100;Q89ZJ1
bth01100;Q89ZJ0
bth01100;Q89ZI3
bth01100;Q89ZI2
bth01100;Q89ZG2
bth01100;Q89ZF4
bth01100;Q89ZC6
bth01100;Q89ZC4
bth01100;Q89ZB9
bth01100;Q89ZB4
bth01100;Q89Z23
bth01100;Q89Z05
bth01100;Q89YZ8
bth01100;Q89YZ6
bth01100;Q89YY6
bth01100;Q89YW9
bth01100;Q89YS7
bth01100;Q89YR7
bth01100;Q89YR4
bth01100;Q89YQ3
bth01100;Q89YQ0
bth01100;Q89YP7
bth01100;Q89YP1
bth01100;Q89YN1
bth01100;Q89YN0
bth01100;Q89YM9
bth01100;Q89YM7
bth01100;Q89YL7
bth01100;Q89YJ3
bth01100;Q89YH8
bth01212;Q8ABI8
bth01212;Q8A9Y1
bth01212;Q8A9M6
bth01212;Q8A8E1
bth01212;Q8A7S5
bth01212;Q8A7G9
bth01212;Q8A6G9
bth01212;Q8A5T4
bth01212;Q8A2E7
bth01212;Q8A1V8
bth01212;Q8A195
bth01212;Q8A137
bth01212;Q8A033
bth01212;Q8A015
bth03018;Q8AAC4
bth03018;Q8A8R5
bth03018;Q8A7C9
bth03018;Q8A6P8
bth03018;Q8A6M9
bth03018;Q8A6J6
bth03018;Q8A6B0
bth03018;Q8A667
bth03018;Q8A624
bth03018;Q8A4N6
bth03018;Q8A378
bth03018;Q8A2K2
bth03018;Q8A2E9
bth03018;Q8A127
bth03018;Q8A0T3
bth03018;Q89ZG0
bth03018;Q89Z05
bth03018;Q89YW6
bth00220;Q8AAC2
bth00220;Q8A9N0
bth00220;Q8A7P8
bth00220;P94598
bth00220;Q8A6B2
bth00220;Q8A529
bth00220;Q8A4M8
bth00220;Q8A2B0
bth00220;Q8A1V9
bth00220;Q8A1D3
bth00220;Q8A1A8
bth00220;Q8A1A7
bth00220;Q8A1A6
bth00220;Q89ZN8
bth00561;Q8AB68
bth00561;Q8A7T7
bth00561;Q8A3V3
bth00561;Q8A389
bth00561;Q8A324
bth00561;Q8A322
bth00561;Q8A1R7
bth00550;Q8ABE8
bth00550;Q8A9S2
bth00550;Q8A974
bth00550;Q8A8H2
bth00550;Q8A806
bth00550;Q8A6M3
bth00550;Q8A681
bth00550;Q8A2W8
bth00550;Q8A2U3
bth00550;Q8A259
bth00550;Q8A258
bth00550;Q8A256
bth00550;Q8A255
bth00550;Q8A254
bth00550;Q8A253
bth00550;Q8A1L7
bth00550;Q8A1F3
bth00550;Q8A151
bth00310;Q8AB01
bth00310;Q89ZA3
bth00310;Q89YW9
bth00330;Q8A9Z1
bth00330;Q8A9E0
bth00330;Q8A8T8
bth00330;Q8A7P8
bth00330;Q8A6I2
bth00330;Q8A529
bth00330;Q8A340
bth00330;Q8A2B1
bth00330;Q8A1E8
bth00330;Q8A1E7
bth00330;Q8A1A9
bth00640;Q8AB03
bth00640;Q8AB00
bth00640;Q8AAD0
bth00640;Q8A9M8
bth00640;Q8A9M7
bth00640;Q8A8R9
bth00640;Q8A7S5
bth00640;Q8A7S4
bth00640;Q8A740
bth00640;Q8A6G9
bth00640;Q8A6G7
bth00640;Q8A5Z6
bth00640;Q8A5Z5
bth00640;Q8A5T8
bth00640;Q8A3J9
bth00640;Q8A2W9
bth00640;Q8A1G9
bth00640;Q8A1G8
bth00640;Q8A1B1
bth00640;Q8A199
bth00640;Q89YJ3
bth00260;Q8AB03
bth00260;Q8AAD8
bth00260;Q8AAD2
bth00260;Q8A9S7
bth00260;Q8A9I3
bth00260;Q8A8R2
bth00260;Q8A8M0
bth00260;Q8A8L5
bth00260;Q8A8L4
bth00260;Q8A8G0
bth00260;Q8A803
bth00260;Q8A7Z9
bth00260;Q8A7T7
bth00260;Q8A765
bth00260;Q8A6R1
bth00260;Q8A6I3
bth00260;Q8A5K7
bth00260;Q8A543
bth00260;Q8A542
bth00260;Q8A541
bth00260;Q8A4S8
bth00260;Q8A2W9
bth00260;Q8A287
bth00260;Q8A1M5
bth00260;Q89YZ6
bth00260;Q89YR7
bth00260;Q89YQ3
bth00562;Q8A7J8
bth00562;Q8A403
bth00562;Q8A0U2
bth00730;Q8AA18
bth00730;Q8AA16
bth00730;Q8AA15
bth00730;Q8AA14
bth00730;Q8AA13
bth00730;Q8A9M5
bth00730;Q8A7X1
bth00730;Q8A6P1
bth00730;Q8A6J9
bth00730;Q8A545
bth00730;Q8A309
bth00730;Q8A0C2
bth00290;Q8A6M0
bth00290;Q8A6L9
bth00290;Q8A6L8
bth00290;Q8A6L7
bth00290;Q8A6L6
bth00290;Q8A612
bth00290;Q8A610
bth00290;Q8A609
bth00290;Q8A608
bth00290;Q8A0X9
bth00360;Q8ABA8
bth00360;Q8AAN6
bth00360;Q8AA94
bth00360;Q8A7P8
bth00360;Q8A529
bth00360;Q8A2G2
bth00471;Q8A4M8
bth00471;Q8A259
bth00471;Q8A256
bth00471;Q8A1E4
bth00524;Q8A517
bth00524;Q8A4V4
bth00524;Q8A1Q9
bth00524;Q89YS7
bth00010;Q8AB05
bth00010;Q8AB03
bth00010;Q8AAY2
bth00010;Q8AAY1
bth00010;Q8AAV6
bth00010;Q8AAU2
bth00010;Q8A8R5
bth00010;Q8A8R2
bth00010;Q8A8R1
bth00010;Q8A8D9
bth00010;Q8A7H6
bth00010;Q8A766
bth00010;Q8A765
bth00010;Q8A753
bth00010;Q8A734
bth00010;Q8A6X8
bth00010;Q8A624
bth00010;Q8A5W2
bth00010;Q8A542
bth00010;Q8A517
bth00010;Q8A4V4
bth00010;Q8A414
bth00010;Q8A3W8
bth00010;Q8A3W7
bth00010;Q8A3W3
bth00010;Q8A3V5
bth00010;Q8A2W9
bth00010;Q8A2E9
bth00010;Q8A287
bth00010;Q8A1X9
bth00010;Q8A1X6
bth00010;Q8A1Q9
bth00010;Q8A1B1
bth00010;Q8A0U2
bth00010;Q89ZV8
bth00010;Q89Z05
bth00010;Q89YS7
