Gene ID	Gene Symbol	
100158454	cdc25b-a	
397997	itgav-b	
399286	ptk2	
446326	actn3	
734605	eif4e2	
447312	dpyd	
733430	adam17	
432103	eci1	
100037214	was	
734408	enoph1	
431833	ssx2ip	
443983	eogt	
397945	ssr4	
735041	atp1b4	
399277	acvr2b	
399350	npr2	
373618	prlr-a	
379336	aldoa	
398224	pak7	
443901	MGC80163	
380529	eif1b	
379886	cs	
495046	LOC495046	
444805	prkar1b	
735117	mrps18a	
2642085	ND3	
379831	eif4a2	
379864	pgm1	
443777	pabpc1l-b	
497632	arntl	
379871	cstf2	
397840	cycE1	
399455	apc	
444007	arrb2	
399007	hgs	
432136	enosf1	
100036902	LOC100036902	
373609	fyn	
398081	cdc45	
379385	MGC53182	
503680	tbp-b	
100158346	exoc7	
779181	sumo1-b	
380513	prim1	
379665	rab35	
379959	rpl19-a	
399396	nedd4l	
398835	rab10	
373829	lefty-a	
378667	psmb9	
447370	ogdhl	
100036931	sds	
734536	prodh	
779288	rp9	
734869	qdpr	
444113	mcoln1	
431921	ssx2ip-b	
380537	rps8	
100037175	nme3-b	
394417	taf12	
379880	ctps1	
443569	mpp5	
734328	taf3	
779413	MGC154858	
494762	gabarapl1-b	
398037	LOC398037	
379893	cpt2	
100127265	ctsk	
379483	ftcd	
394321	myd88-a	
443768	ppm1b	
394335	np-a	
447133	rpl29-b	
397712	bmpr1a	
447507	ak1-b	
734744	thtpa	
432040	abcd3	
503670	pin1-a	
379592	rps12-b	
380304	cnot4	
373844	myl4	
380261	ddx42	
399298	ntf3	
735235	MGC130982	
100191013	ptch2-a	
380558	calm2	
734254	rpp21	
394414	gnas	
399034	ufd1l	
398148	atm	
495369	b4galt7	
496043	eif3h	
380358	rpl10	
380243	usp8	
398068	nodal	
444709	b4galt4	
444473	ggcx	
503510	nog2	
397741	epb41	
398969	hpgds-a	
397957	c-ets-1b	
100158361	LOC100158361	
100158303	LOC100158303	
447080	atp5l	
398626	dhdds	
379289	eef1a-o1	
447141	lsm6	
398193	lefty-b	
100036852	e2f1	
397826	pxn	
399303	ctnna1	
444462	det1	
398917	cndp1	
414530	anapc4	
398687	pip5k1c	
446525	oat	
379269	nvl	
734336	map3k3	
379352	MGC53832	
494728	umps	
397755	itgb1-a	
446502	prkacbb	
398583	atp1a1-b	
414549	dtymk	
495007	fzd6	
444135	MGC80562	
100037163	cox6b1-b	
444090	MGC83618	
447178	uros	
100048914	bdnf-b	
379402	MGC53924	
379768	snap29	
494587	snx3	
399444	fgfr1-b	
398860	tkt	
373591	lpar1-b	
379793	pold2	
380347	prps2	
734157	mecom-a	
446752	MGC79035	
100037043	alg1	
379555	MGC69005	
444510	chmp6-a	
446884	xrcc1	
397863	tcf7l1-a	
444101	hmox2	
734165	atf4-b	
496306	phf5a	
100137668	uqcr10	
444244	cd82	
100158302	rufy1	
724075	erbb2	
431912	MGC82298	
734723	smpd3	
446638	pgs1	
100036779	mlh1	
398309	cxcr1	
379677	nxt2	
432225	bet1	
399369	smad6	
444294	glul-a	
398234	bub1	
100335046	aanat	
379149	snupn	
734633	MGC114996	
447337	grk6	
380472	myl12b	
444437	dolk	
394386	mpo	
444547	MGC83376	
399383	rngtt	
380462	rpl9	
446366	slc8a3	
444431	chst6	
414606	grhpr.1	
444140	pard6g	
379746	arpc3	
444827	rcvrn.2-b	
379992	mapk14	
379611	ssr1	
432267	MGC83090	
379346	MGC53721	
443852	ppp1cb	
399041	mif	
446524	taf5l	
373669	fgf3	
495274	dpm2-a	
432307	rps16	
100381096	fbp2	
100037253	rps6ka4	
379650	sephs1	
398928	cldn18	
734464	ybx3	
496317	upp2	
734428	MGC115163	
398711	setdb2	
379503	ehd2	
380420	rps10	
2642087	ND2	
100381103	snrpd2	
398728	gda	
100049757	srd5a1	
494796	suclg1	
446644	MGC82549	
444511	neu1	
494669	mapk11	
447322	sat1-b	
tRNA-Ser-1	-	
407748	chrac17	
397706	wnt4	
447391	b3galt2	
444815	cox4i2	
373667	ccnd2-a	
379888	ccnb1	
394401	bambi	
444104	fbxw8	
380055	ckb	
447090	pla2g2e	
399237	prps1	
447785	cstf1	
398374	nup153	
446795	gspt1	
444492	hsd17b4	
446574	anapc7	
397966	sox17	
380286	rps12-a	
444397	prkag2	
734314	spg21	
379570	alg5	
378663	relb	
446231	ube2l3	
495135	chrnb2	
496388	atrip	
447313	ctsv	
379083	hdac1-b	
398235	snai2-b	
446813	p2ry13	
733346	cyp39a1	
380588	dld	
444456	MGC83663	
100036849	ap1b1	
397837	gli3	
446736	exosc1	
496046	LOC496046	
379406	cdk4	
379853	snrpn	
397728	aldh1a1	
495045	vps45	
380135	acsl1	
495950	LOC495950	
443911	prdx1	
733186	rapgef3	
379756	hspa5	
380161	ebp	
380132	atp1a3	
397761	ncam1-a	
495319	tubb3	
446803	uap1	
446759	rps21	
100190773	pan3	
380327	impa1	
380045	ppp2ca	
398421	LOC398421	
606721	calm1	
447470	MGC81734	
779396	haghl	
734294	msh6	
443864	siah1	
495137	tgds	
100192362	mcl1	
444472	gmppa-a	
397710	LOC397710	
379201	snx12	
494684	LOC494684	
100037200	dut	
398197	atr	
446573	herc4	
733316	LOC733316	
444123	ndufb7	
397851	polg	
399250	sec22b-b	
100337558	rag1	
100037075	taf4	
100036923	gemin8	
380018	canx-a	
496349	LOC496349	
379060	cant1	
734687	MGC116497	
100037066	urad	
444171	sike1	
495031	c1galt1c1	
399121	prmt1-a	
380312	klc1	
100049095	LOC100049095	
496231	cldn19	
496246	sult2a1	
380256	srp54	
399447	il4i1	
399470	ralb	
100036781	cox7a2-b	
444489	smap2	
432226	MGC79057	
431872	chmp3	
379743	pdia3	
444049	mdn1	
380524	ube2n	
495682	cpt1b	
447121	rpl23a	
398046	arr3	
447436	psap	
373557	snap23	
399463	gnai1-b	
380467	socs3	
447317	khk	
595044	aph1a	
444269	dhrs3	
380593	glul	
379850	mcm3	
414468	rab5b	
397973	polb	
431964	rev1	
503678	LOC503678	
397943	thbs4	
380595	snrpf	
397904	rpl22	
101027269	LOC101027269	
444408	MGC82977	
444771	dhrs4	
398264	prickle1-b	
397701	fgfr4-a	
397924	mos	
734775	ccna2	
779100	stat3.1	
398942	allc	
432036	MGC81499	
447134	rpl34	
100049093	LOC100049093	
398370	uba1-a	
398980	lpgat1	
373817	fzd1	
414684	mgst1	
399235	uba2	
432134	MGC80198	
378923	bub1b	
444527	dvl3	
444543	folr1	
447522	aldh7a1	
100294514	gria2	
100463496	mid1	
735187	sf3b5	
444287	cltc	
431839	MGC82312	
398417	kcne1	
779328	amt	
446714	sh3glb2	
379478	ca4	
379095	tnnc2	
414613	MGC81482	
380043	rps13	
398372	smurf2	
735059	MGC85013	
496052	ap3m2	
398787	MGC68542	
398956	ppat	
447361	ahcyl2	
380119	nploc4	
394381	per2	
446697	jak1	
735067	polr3g	
447165	lipt1	
443701	cd44	
399291	ptpn11	
397785	mapk1-b	
443745	ube2b	
734664	rpl35	
379580	cdc23	
380351	fzr1	
414590	mgat2	
734907	thoc6	
431869	syvn1-a	
495465	LOC495465	
380152	srsf3	
733315	tank	
398099	cdc7	
100873156	cd38b	
496207	m6pr	
446351	tbk1	
447025	cel	
100125673	fancg	
398006	insr	
735073	psma1	
397868	hdac1-a	
495058	cd74	
779355	slc27a6	
100037026	LOC100037026	
734637	MGC115367	
100189568	tmlhe	
444614	MGC84105	
398629	herpud1-b	
432171	ap2m1-b	
380457	ywhab-b	
495019	snrpb2	
495516	pim1	
444225	pigo	
100036774	cyp17a1	
446468	ugp2	
444167	ada	
380205	gnl2	
446221	ena	
378608	crhr2	
495085	LOC495085	
444514	ptpn1	
432086	gpx8-a	
398141	LOC398141	
734627	atp6v1a	
397726	rad51-a	
447491	ocln-a	
446253	apg4a	
398964	MGC68821	
399443	itgb1-b	
380010	otud5-a	
495426	hnmt-a	
373672	kras-a	
398191	chek1	
379907	ndufv1	
380255	hnrpk	
398851	MGC68808	
380028	dars	
494752	stx19	
386669	chrng	
446657	hacl1	
100653508	LOC100653508	
398121	ldha-b	
414634	arhgap35	
398765	sox17a-b	
398083	myh9	
398861	LOC398861	
446737	rps23	
495002	rptor	
397778	tgfb1	
494715	scp2	
380419	col1a2	
414576	MGC81040	
379860	utp15	
380485	impdh1	
373733	zfyve9	
100037025	ganab	
447180	cox7a2-a	
734731	ncf4	
432180	csnk2a2	
734882	ccnd2-b	
380340	gnl3	
397962	stmn1-b	
397916	fxyd2	
779261	nudt9	
379749	arf1	
379811	cnot8	
380563	acads	
443854	cblb-a	
735130	utp18	
494800	ctsz	
734697	fgf7	
734940	hagh	
446472	etnppl	
779264	rilp	
398251	bcl2l1	
100174803	acsl4	
432228	sh3gl1	
495092	atp6v1c1	
387604	fzd10-a	
496093	gnl3l	
432035	nxf1	
734814	gabarapl2	
378518	cdh2-a	
398137	agxt	
398202	dync1li1-b	
378605	htr1a	
379394	ednrb2	
444449	tbc1d4	
100036983	gna15	
373780	phkg1	
100036953	nmnat1	
398589	iqgap1	
379386	gatm	
446998	tnfaip3	
734325	ctnnbl1	
443563	rad26	
100036770	cyp2a6	
432039	MGC80011	
397942	thra	
446308	polr3c	
380337	mrps12	
444376	dbia	
494858	LOC494858	
398584	me2	
495177	hla-dra	
379048	ccnb3	
379222	id3-a	
379528	mars2	
100126644	gtpbp4	
407843	fshb	
447154	ndufs8	
399328	ppp2r2a	
496309	med8	
100189579	tpm1	
779293	nup43	
379664	smad1-a	
431844	clns1a	
495981	LOC495981	
444624	MGC84135	
414491	rnf7	
734714	uroc1	
447261	MGC86324	
735107	msn	
tRNA-Ile	-	
495515	prmt5	
444279	bpgm	
432256	cga-b	
735066	ppp1r3b-a	
444830	nudt21	
432181	gtf2h4	
594872	homer1	
444006	prdx5	
414658	nme4-a	
431998	rps4	
378662	gucy2c	
373602	prkdc	
779404	cycb3	
380484	bin1	
444512	nr1h2	
444075	ern2	
444169	ccr7-b	
379076	tubb6	
380203	ctsc	
444457	MGC83664	
779188	smg1	
394360	abi2	
100037098	cyp51a1	
734631	chpt1	
379879	nsfl1c	
394296	aldh1-A	
379128	rsl24d1	
394224	maml1	
373697	nbl1	
495075	LOC495075	
100505446	LOC100505446	
379566	MGC69074	
495316	LOC495316	
399114	ctnnbip1-a	
447268	MGC86346	
100037146	pfkp	
446739	rps26	
378632	dkk2	
397732	atp5a1	
398152	spdyc-b	
398756	bcar1	
495996	mrps11	
399285	atp1a1-a	
380576	rps2	
444845	LOC444845	
100036784	aldh4a1	
447078	ap2s1	
445841	adh5	
398094	cyp26a1	
379460	MGC64344	
380564	m6pr	
734513	nt5e	
tRNA-His	-	
496311	LOC496311	
398752	atp1a2	
379837	eif2b3	
447159	MGC85478	
444270	MGC80883	
100158286	cln5	
379273	dhcr7	
100037248	th	
443989	lars2	
432137	MGC80057	
380044	gmds	
379353	MGC52541	
443863	rars2	
379732	MGC69176	
447038	hccs-b	
443912	rpl7a	
2642084	COX3	
494832	pygl	
432024	nup160	
398034	ykt6-a	
100158313	LOC100158313	
446466	taf7	
398490	ctnnd1	
380148	agpat3	
444093	b3gnt7	
494700	psat1	
414608	psme3	
399006	cav1-a	
379705	nadk-b	
733162	eif4g1	
398546	LOC398546	
tRNA-Ala	-	
373848	p2ry1	
444689	cyth2	
446722	ppox	
399234	stt3a	
399056	araf-b	
734579	ppa1	
443787	cbr3	
446508	col9a3	
495089	atp6ap1.1	
379297	cyp2c8.1	
403373	nbn	
444296	chrna1.2	
399042	brk1-a	
734717	hsd17b7	
398286	p2rx7	
495051	itga2b.2	
735172	rpl7	
447784	zmpste24	
399198	shc1	
398563	LOC398563	
447329	adssl1-b	
380508	camk2g	
378551	gad1.1	
446629	MGC82420	
2642080	CYTB	
378523	agtr1-b	
398179	chek2	
379945	prpf8	
379283	atp12a-b	
446671	pik3c3	
380519	btg1	
443897	cyfip2	
444484	wdr61	
734566	tigar	
379702	MGC68990	
378661	inhbc.1	
398423	pofut1	
444044	hadha	
100294520	socs1-b	
432126	cox5b.2	
494703	LOC494703	
380007	mylc2a	
495134	LOC495134	
431943	suv39h1	
496302	ube2c	
398095	pdcd6ip	
444518	scin	
414688	rpl14	
414678	LOC414678	
447139	rpl38	
100036974	sat1-a	
494659	sfrp5-b	
378527	htr7	
444557	galnt13	
735076	creb3-b	
100126631	ppif	
447632	nfkb1	
444530	cycs	
444327	MGC81028	
398276	tk2	
379226	f2rl2	
735084	adssl1-a	
380385	ube3a	
444234	MGC80802	
379814	rpl12	
398751	abat	
398500	dag1	
446885	pi4k2b	
378553	sdc3	
447000	bpnt1	
100037245	ptgs1	
779195	MGC130708	
397885	LOC397885	
444698	gngt1	
379729	cul2	
431878	MGC82269	
379912	sdc2-a	
398064	pdhb-b	
380394	ldha-a	
496330	echdc1	
444089	tyk2	
734382	rac1	
431814	akt1s1	
444551	idh3g	
380437	dhrs9	
100049749	sbds	
734552	ppp2r4	
444618	sgk1-b	
378679	wnt3a	
378630	gnal	
398294	smad8c	
397850	hspa5	
394409	parn	
380463	sdha	
398641	prdx6	
414723	MGC81224	
399021	ogdh	
495464	LOC495464	
399364	wnt7b	
444623	rdh5	
447768	MGC84258	
494671	idi1	
446770	csf3r	
447360	rpp25l	
398930	fmo2	
398022	igf1r	
379726	ube2z	
431915	psme4	
379965	mtmr4	
380527	rps15	
444823	MGC84412	
398753	MGC68448	
432212	slc25a4	
379449	sumo3	
734883	stx5	
444699	serpinb5	
399129	rad21	
734248	gab1	
734384	vps37a	
447489	atp6v0d2	
734887	snrpb	
444289	MGC80941	
444409	aass	
379858	hspa9-b	
379615	snai1	
379876	mapk8	
496037	tgfa	
444702	pstk	
100101273	rpl28-a	
398349	aurka-b	
398592	mapk12	
447229	rapgef2	
446982	cdc16	
399196	gadd45g	
443754	gtf2h2	
379781	snrpa	
444388	hacd4	
494826	tnni3	
495522	f3	
431889	nol6	
733414	LOC733414	
100101294	gart	
399142	pten	
494646	psme1	
399035	tnfrsf12a	
734759	lipa	
735068	zbtb17	
2642083	ATP6	
735232	mphosph6	
446859	tbxa2r	
398940	ube2q2	
446317	sord	
398459	actb	
734821	nme6	
431898	wasl	
431959	rab11fip5	
447414	MGC82150	
734568	ulk3	
100158399	LOC100158399	
378689	wnt5a	
373823	gnrhr	
380364	stmn1-a	
446263	mdh2-a	
446915	wnt11	
496403	fadd	
444552	impa1	
734716	polr3d	
379809	ywhaz-a	
431923	MGC81129	
447419	crkl	
446512	arf6.2	
734828	mmab	
495507	wash1	
398830	scn4b	
496021	tubal3	
398609	LOC398609	
432140	pabpc1-b	
397803	tnni3	
399468	eef1d	
446781	ptgs2	
380325	kars	
779430	mrps9	
398916	MGC68712	
447187	cox7c-b	
100380954	ptpn6	
735072	wdr82-b	
447538	nup37	
447013	prkcsh	
734761	hmbs	
380450	ube2i	
379937	ccnd1-a	
496218	LOC496218	
496244	ap3s2	
378540	ihh	
735034	fmr1-b	
443952	MGC80325	
446618	isyna1-b	
398887	abcc5	
394282	rfng	
378633	smad3	
100037143	march6	
380138	plod3	
446352	lpa	
446695	MGC83543	
495133	stag1	
100036945	LOC100036945	
398911	galnt1	
446333	thoc5-a	
414457	wbp11	
446360	ube2g2	
380456	hmgn1-b	
2642082	ATP8	
444010	pafah2	
100037126	wdr36	
399299	irs1	
398927	MGC68723	
447704	MGC81583	
734548	gsta4	
492305	cdkn1a	
447267	cyp21a2.1	
495146	pde4a	
100316914	tnfsf10	
380001	cndp2	
734641	MGC115451	
779419	stim1	
398635	MGC64293	
431824	clp1	
446456	rpl17-a	
100049751	nqo1	
446309	rps25	
379418	rpl29-a	
397953	grin1	
432130	imp3	
734885	chst7	
443731	LOC443731	
447783	coq7	
446876	vasp	
735052	vps35	
398274	polr1a	
380166	arf5	
494688	pym1	
398505	thoc1	
tRNA-Glu	-	
431992	MGC81379	
397946	snrnp70	
378584	drd2-a	
397917	slc9a1	
379655	MGC68961	
398126	pak1	
379494	hsd11b1l.2	
379848	sec61b	
100137685	LOC100137685	
399422	actn1	
100329215	p38-beta	
399374	hnrnpu	
380411	pabpn1-b	
397928	parp1	
492306	p16Xic3	
444193	MGC80720	
399095	hs2st1	
779338	fut8-b	
379808	capzb	
2642086	ND1	
398044	cdc20	
397739	col2a1b	
779153	gm2a	
398746	st3gal3	
399336	sf3b1	
444529	pdpk1	
380493	ube3c	
444342	dhx58	
734576	auh	
100037104	gsto2	
447732	arrb1	
414480	acox2	
414706	cox6c.1	
734297	MGC84886	
394274	sod1-b	
399158	ruvbl1	
735175	atic	
779391	spop-b	
397820	casp10	
735099	sel1l	
444184	rac2	
446541	e2f4	
447724	snrpa1	
779300	yod1	
446949	dmgdh	
100101323	srp68	
734354	mgat4a	
414637	stat5b	
380448	tlp19	
414533	socs3	
399258	psen1	
443590	wdr3	
444474	cldn14	
414616	MGC81444	
379920	atp1b1	
379249	tjp3	
398357	xrcc6	
379395	utp6	
447636	tars	
378602	gck	
398888	MGC68601	
444487	ncf2	
100036921	gsta1	
397743	ccnb2	
100335045	aanat-a	
380252	cntfr	
444086	enah	
495125	chmp4b	
444370	pmm2	
378543	nodal1	
398082	xcdc6	
494744	tfdp1-a	
446331	bcap31	
398343	hsp70	
373633	pgr-a	
495096	cmbl	
100037211	rag2	
444825	gnat1	
380296	acaa1	
380057	dnaja1	
432105	galnt4	
378533	atf2	
779127	rap1a	
735176	tiam1	
398258	hes4-b	
tRNA-Met	-	
444204	kmt5b	
100037186	gmppb-b	
380218	enpp2	
378492	dna2	
446851	myl9	
446763	pgk1	
380308	cbs-a	
398993	adh1c	
373759	cnr1	
100158341	slc17a5	
447401	glo1-a	
404226	prkcd-a	
380238	csnk1a1	
100037181	LOC100037181	
446996	cask	
379900	ndufb5	
100137619	LOC100137619	
444501	cwc15-b	
379950	ndufb2	
446660	MGC82698	
494719	psme3	
495112	plod1	
399434	prdx6	
380403	xrcc1	
495991	rbks	
100037210	ppt1	
380124	prkag3-b	
399266	myh10	
494830	gtf2b-b	
379662	MGC69040	
100190767	elk1	
398134	LOC398134	
398745	st3gal6	
495826	suv420h1-b	
495261	rnf185	
734234	ripk1	
397768	ppard	
379341	MGC53106	
380344	chrnb3	
444626	atp1b2	
100189566	casc3	
380186	rheb	
397970	wnt8a	
397836	ptch2-b	
379162	MGC52912	
447633	scd	
734211	epor	
398333	gtf2f2	
444766	cpsf4	
378546	cacnb3-a	
496314	cyp26a1	
444203	MGC80739	
399157	clock	
397763	npy-b	
443753	naga-a	
100190782	b4galt2	
380246	cdk1-a	
432195	rad54b	
446778	taok3	
443767	aldh3a2	
100127347	grin2b	
399413	tdg	
378493	pak3	
398750	MGC68803	
444026	gga1	
431937	ctns	
100286797	foxo6	
734177	p2y11	
443807	srsf4	
734583	ak6	
734983	cox7a2l	
100049724	LOC100049724	
379832	sf3a2	
379577	xrcc3	
100462908	st3gal-iii	
734876	MGC132180	
100036900	pnlip	
380165	ap2b1	
444480	alas1	
734930	MGC131041	
398699	htr2b	
734224	aicda	
432281	gucy1b3	
398843	ppara	
444160	tecr	
100126647	LOC100126647	
495517	LOC495517	
734578	polr2l.1	
446866	idua	
447460	lpar2	
100036888	sgpp2	
379161	ccnd1-b	
446783	nars	
446265	psmd1	
495027	taldo1	
380581	chst11	
397764	LOC397764	
100191021	pld1	
495416	sec63	
397884	ptgds-b	
444638	ntf3	
734846	mrpl23	
398237	fbxo5-a	
379417	hpgds-b	
446688	fads2	
496041	LOC496041	
734197	fancl	
379508	thbs1	
494739	uck2	
100037010	ca12	
431927	alg13	
446460	tram1	
432239	MGC80197	
447502	gba3	
100505440	LOC100505440	
444206	MGC80748	
100192357	faslg	
100037243	alg3	
496334	cdk6	
446458	gcdh	
734255	txnl4a	
380274	pkm	
379828	itpk1	
446477	pex26	
399109	psma7-b	
404227	prkcd-b	
444201	laptm4a-b	
380384	gamt-a	
447524	pnliprp1	
398915	MGC68724	
734810	bcl2l11	
734226	lep	
373837	camk4	
496005	psmb3	
398717	invs-b	
444788	rad51d	
373606	il1b	
734389	clta-b	
444357	MGC82833	
373701	ctbp1	
380545	farsa-b	
380598	ppp1cc	
734800	tollip-a	
495440	atp2a3	
432308	MGC80056	
446467	acadm	
398004	ppp5c	
397771	kras-b	
495521	colgalt1	
380105	gclm	
399252	hdac2	
399248	p4hb	
398396	wee2a	
444817	pycard	
399059	MGC68706	
380120	adprm	
379778	pgam2	
387327	mknk1	
495333	sh3gl3	
734918	actg1-a	
444025	prkg2	
734341	polr2i	
431991	MGC81419	
494834	tmem55b	
444298	cttn	
397892	eef1d	
100301976	foxo4	
496044	spcs1	
431913	ssu72	
443966	psmb2	
373789	vegf-b	
394307	mad1-A	
734194	shroom3	
373573	ctse-b	
379278	far1	
399199	pafah1b1	
380258	tubb4b	
734873	eci2	
380303	chmp5-b	
398133	ocln-b	
734998	farp2	
446761	chmp5-a	
379183	sart1	
414511	MGC82246	
734199	ugdh-a	
779433	serpine1	
494735	pigt	
398966	uck1	
100158284	fbxo4	
447549	MGC84099	
398599	dbf4	
444642	ip6k2-a	
394270	sdk2-a	
446655	cbs-b	
443750	nmrk2	
779370	fgfr3	
379259	taz	
398033	pitx2-b	
380000	ndufs1	
380150	fah	
734499	ap1m1	
447598	MGC84737	
100049784	wnt10a	
503673	LOC503673	
407753	mmp14	
446390	tirap	
380141	hif1a	
100337576	map3k12-b	
495209	LOC495209	
101027280	LOC101027280	
779274	ctu1	
380596	gale	
379106	MGC52827	
734465	sf3b2	
394286	vamp2-a	
779368	tuba8	
444410	MGC82980	
779435	b4galt5	
373625	ret	
735231	cadm1	
733178	aldh1a3	
444661	pde6h	
495118	LOC495118	
444609	snrnp27	
443907	edem3	
447208	MGC81785	
398556	glul-b	
494642	LOC494642	
446346	pex12	
432311	spcs3	
394295	lman1	
379826	rplp0	
100049109	rae1	
398757	tob1	
735213	gpcpd1	
379973	snrp116-pending	
444276	ndufb10	
100037213	LOC100037213	
380578	pgm3	
446684	alg6	
735145	sgol1	
379358	stx7	
380245	pdgfra	
495012	ppip5k2	
397782	xfgfra2	
443976	ca6	
403391	ptger2	
432133	ppm1b	
414667	chmp1a	
779217	MGC154328	
101027301	LOC101027301	
414534	cnot10-b	
379952	cyp-7	
100294513	gria1	
444057	ndufs6	
379070	vtcn1	
495408	pfkfb1	
398502	nampt	
399465	tbp-a	
398238	lef1	
414598	ndufa10-b	
397859	xstk2	
446478	pdia6-a	
379881	rpl27a	
373690	fzd8-a	
734481	MGC115064	
379868	spop-a	
447388	elovl2	
100101308	LOC100101308	
446564	mrps7	
380096	atp2a1	
399110	jag1	
380388	prkacb	
447023	MGC82823	
397913	btg4-b	
379172	cfl1-b	
494689	LOC494689	
398145	tacc3	
734449	vdac2	
100335131	tpm2-a	
444403	agtr2	
379601	lgmn	
735104	dao	
380550	eef1a2	
496325	rxrg	
2642078	ND5	
398782	MGC68680	
380298	eno1-b	
379343	srsf10	
432041	rbmx	
446611	hexdc	
379760	hspa1l	
100137650	zfp36l2.2	
379507	mras	
380033	rpl3	
379742	kars	
447454	setd1b	
379067	MGC52780	
397716	LOC397716	
447616	dbt	
734650	seh1l	
100113430	map3k12-a	
100037058	vegfa-b	
399130	sgk1-a	
444832	ywhah	
414493	nanp	
780737	LOC780737	
495230	rnps1-a	
446826	vav1	
380597	mrps17	
444493	MGC81887	
379368	ssr2	
443994	cdc27	
446527	hsph1-b	
431939	sp1	
432060	polr2c	
414622	MGC81403	
379720	MGC69086	
100037159	ssbp1-b	
380423	psmd14	
432085	ube2f	
495683	stat6	
446332	phyh	
445821	rps6ka1	
100158337	tfdp2	
734669	MGC116437	
100101277	LOC100101277	
100036892	abcg2	
444488	akr1a1	
779307	snrpg	
496168	gstz1	
735185	MGC131170	
734926	u2af1	
398075	rxrb-b	
734202	adgf-b	
443882	uba52	
734218	sdc4-a	
444573	MGC84007	
399461	cdk7	
444238	pip5k1b	
734922	gna14-b	
100174791	il6st	
495063	vamp1	
779415	ppie	
100036885	alpi.1	
444021	sumo2-b	
447488	eif3i	
734929	traf6-a	
394276	rps6kb1	
735081	pex11g	
398147	ctbp2	
100036910	LOC100036910	
443578	gpat4	
379784	mthfr	
432268	flad1	
399167	rbm8	
398596	ppil1	
414479	rasgrp1	
100653505	LOC100653505	
100037187	uap1	
414481	nhp2	
734668	MGC116435	
379765	ckm	
380102	cg10992	
443926	MGC80249	
444280	nmd3	
443744	gpx3-a	
444363	xylt1	
780764	smad4.1	
443782	vdac3	
443690	coq3	
398848	pgd	
tRNA-Asn	-	
398651	rpl18-a	
399391	brca1	
447091	MGC85256	
444670	pde6g-a	
399154	gh1-a	
474158	grk4-b	
432338	ngfr	
496301	eif2b4	
399306	aplnr-a	
379824	rab11b.1	
446306	rpl13	
494997	LOC494997	
398359	plcg1	
444260	dnajc1	
446455	ctnnbip1-b	
399382	ddx5	
398165	pard6b	
443755	MGC81086	
447605	fntb	
380068	cdc23	
398553	nt5c3b	
399185	trh4	
431949	llgl1	
397873	bmp2-b	
403390	orai1	
446701	ap1m2	
444030	herc3	
734338	MGC85146	
399144	gdf6	
447420	gmppa-b	
100158413	LOC100158413	
386670	chrne	
380029	colec11	
495398	il13ra2	
444659	s1pr1	
399100	stk11	
398904	akr1b1	
446314	MGC83416	
447624	scly	
398970	epb41l3	
734888	gpx4-b	
380173	atp5c1	
432091	vps26a-a	
100125228	tyms	
734676	rpl39-b	
443740	rps3-b	
398611	ppp2r3a	
431883	rfc2	
734772	zfyve27	
100037196	mpz	
100101332	dolpp1	
494760	irf5	
446720	pi4ka	
379181	acsbg2	
447181	nme3-a	
432059	stam	
379469	tpm4b	
380585	qrsl1	
443729	rps6ka6	
399203	pip5k1a	
100158281	sort1	
379356	MGC52924	
494588	gemin2	
447316	gpat3	
398510	LOC398510	
379632	MGC68847	
379079	eno1-a	
379716	pex11b	
379266	ntrk2-b	
380401	homer2	
379855	paics	
380313	rpl30	
447463	MGC81684	
394355	ldhb-b	
443873	MGC79146	
380326	alg5	
380282	mcm6.2-b	
380475	pfn2	
379777	sumo2-a	
495197	maoa	
444757	pnpo	
494801	LOC494801	
399166	ppp2r5e1	
379847	dync1li1-a	
494639	arpc4	
447542	extl3	
443655	rnaseh2a	
446399	wdr75	
100037189	cyp3a4	
398813	fmo5	
414647	b3gnt2	
779436	cyth1	
443902	MGC80164	
100158376	prpf40a	
443877	ak1-a	
398872	mdh1	
443991	man2a2	
495963	LOC495963	
779438	gnai2	
379209	MGC53355	
100294516	gria3	
446745	ptpn2	
447452	gtse1	
379390	MGC53795	
734414	cul1	
380317	dnaja2	
380494	nup155	
495264	atp6v1g3	
494865	itpkc	
100037138	nup107	
399388	irs4	
100049143	atg16l1	
444353	cybb	
100049097	lsm3	
379659	smad9	
379935	psma3	
100037062	LOC100037062	
100126640	ddc	
379229	aldh9a1	
398307	mapt	
447142	cox17	
398763	agtr1-a	
444419	idh3a	
379165	taok1	
734988	MGC130901	
378562	fgf9	
394281	tcf7l1-b	
398218	dazap1	
100462906	arf-1	
373592	dkk1	
447017	fam213b	
100036869	LOC100036869	
398401	camkk1	
734678	mcee	
733440	LOC733440	
100381149	galnt6	
394331	smad7	
443925	capza2	
495951	nme4-b	
398704	gtf2a1-a	
734362	col9a2	
495009	smpd4	
398514	rpn1	
379575	tktl2	
444364	MGC82844	
495444	ugcg-b	
380495	gcat	
398163	ccnb1	
734257	agmat	
443652	f2	
398710	arhgef12	
733359	LOC733359	
443730	patl2	
379396	cldn7	
447155	pemt	
444459	ppa2	
493575	pdgfb	
100137697	xylb	
379769	hadhb	
379401	uqcrc1	
100127248	lct.1	
446827	MGC80612	
443921	socs1-a	
398716	prmt1-b	
100158335	plaa	
443819	rpa2	
444315	MGC80994	
tRNA-Val	-	
379224	gadd45a	
380231	pcyt1b	
394303	fen1-a	
379892	atp6v0d1	
387598	sar1b	
495086	acly	
734335	prpf18	
443832	MGC82408	
100036935	cacng1	
503675	nup50	
380063	elovl1	
780738	LOC780738	
735026	cyp26c1	
444162	cers3	
398973	braf	
495303	vars	
494749	mtmr3	
380215	xbp1	
379536	chmp7	
446479	hal.1	
379896	pabpc1-a	
379818	atp5b	
414505	tpp1	
432145	dnajb2	
444284	pabpc4	
373615	adcyap1r1	
399209	gtf2a1-b	
447492	gcsh	
431870	nmrk1	
446621	miox	
394362	btrc	
447484	txnrd3	
431794	hibadh	
394323	hk1	
446650	rpa3	
398831	pld3	
443973	camkmt	
373644	ldlr-b	
380236	cat.2	
447189	polr2k-b	
379210	tuba3c	
397812	abcb1	
379345	atp1b3	
2642076	ND4L	
495094	hmbs.2	
495836	irs2	
431994	tuba1a-a	
443914	MGC80202	
432309	sugt1	
446903	hsd17b10	
447374	mrpl28	
397788	arg2-b	
398703	LOC398703	
444425	alcam	
403364	nup88-a	
398253	nop56	
414724	MGC81153	
398789	dab2	
444215	psma5	
398880	rab7a	
496364	b3gnt5-a	
444477	ctps2	
444834	sec23b	
403358	MGC68592	
380287	u2af2	
398275	lig3	
447703	llgl2	
432150	amph	
444424	arhgef7	
398162	LOC398162	
399452	pdhb-a	
447518	pold1	
446334	fgf13	
444017	dguok	
447024	manba	
380225	wars	
431885	MGC81191	
380093	uqcrc2	
380273	spr	
443763	plpp2	
594865	cdh3-b	
379378	sympk	
397767	ppp1cc	
380497	ap2m1	
380532	pomc-a	
403361	iars	
100126648	LOC100126648	
443916	dars	
399141	fzd2	
394301	ppp2r2b	
443857	sh3glb1	
495825	LOC495825	
496163	rab11b.2	
398893	MGC68535	
100158287	LOC100158287	
431996	whsc1	
494740	rpp30	
373586	pitx2-a	
446516	mrpl1	
398772	MGC68756	
735240	enpp2	
379399	MGC53150	
446991	cdc45l	
380422	rpsa	
733299	ngly1	
398814	MGC68615	
100101283	LOC100101283	
100037242	gpam	
494742	ube2e2-a	
444717	wasf1	
447565	atp6v0b	
494714	otud5-b	
399271	msi1	
2642079	ND6	
495276	tst	
399015	MGC68519	
414492	wars	
100036961	ccr7	
380003	eif5	
446411	ercc4	
100505423	LOC100505423	
398834	MGC68635	
380112	tgif1	
495339	gpx8-b	
379953	gns	
379135	cers2	
446674	pecr	
414694	map2k5	
407839	cdc14b	
380019	arfgap3	
379845	arpc1a	
394383	fut8-a	
447417	nans	
495365	LOC495365	
414569	MGC81407	
447314	galnt11	
399287	prkci	
734415	pla2g15	
444801	MGC82136	
414499	rpia	
432058	pgam1	
100137674	blvra	
447105	MGC85304	
444412	serpinf1	
378666	cntn1	
446874	aoc3	
447127	MGC85366	
734871	c1d	
446676	sec62	
379122	plk2	
380534	gstm1	
379314	hspa9-a	
444819	rpl6	
398494	hnrnpu	
399343	ppp2cb	
397968	psmc5	
379238	dlc	
398588	iqgap2	
380481	plk1	
444688	MGC84360	
446852	MGC80746	
494780	fip1l1	
398898	cltb	
100158373	LOC100158373	
444265	git2	
100505437	LOC100505437	
734512	st3gal4	
100036901	cd38	
495332	pde1b	
734672	rpl39-a	
379411	magoh	
100337578	map3k13-a	
379867	mat2a	
495957	pafah1b3	
398665	ndufa9	
379770	sqrdl	
447201	fos	
444749	rab3b	
735151	mri1	
447076	lsm5	
380416	snu13	
495681	gcnt3	
495127	LOC495127	
734573	parvb	
495407	LOC495407	
397841	ccne1	
446806	hacd2	
378676	wnt6	
380251	rad51-b	
432314	acta1	
380424	acaa2	
432231	myh15	
379275	irf3	
398670	cmpk1	
380520	rpl35a	
447706	ddx39b	
779278	MGC154500	
447638	strap	
398777	amfr	
443721	ctsd	
100036967	LOC100036967	
100037060	eif2ak2	
432187	MGC82409	
734348	pcyt1a	
494987	LOC494987	
444796	MGC82073	
446526	snx6	
397737	cdc25c-a	
100036859	LOC100036859	
399217	hspd1	
399243	ap1g1	
380410	gosr2	
447221	enpp4	
397978	lig1	
414718	MGC82400	
399375	wif1	
496013	rchy1	
734321	sap18	
403384	ube2d3	
100158290	snrnp200	
495501	cers5	
735160	papss1	
444114	MGC80465	
398014	fech	
379772	ca2	
734751	cnot7	
379276	MGC53081	
495311	dpys	
446703	b4galt6	
394367	notch1	
380139	atp5a1	
733340	cps1	
398084	epx	
380567	mcrs1	
398668	fut1	
494781	rdh7.2	
494717	atg4b	
444062	mfsd8	
446567	socs6	
447081	rpl24	
447395	adipor2	
379669	MGC69127	
734230	fbxw7	
397896	gna0	
379633	eif3a	
444430	pan2	
447527	p4ha2	
446706	vamp7	
495687	ubox5	
495218	hsd17b12-a	
495272	acer3	
394289	rock2	
399058	MGC68735	
101027271	LOC101027271	
414677	nudt16	
444191	rras2	
734537	orai2	
779084	pole4	
447264	nup85	
734195	fanca	
403393	cdc14a	
398771	sdsl	
496320	LOC496320	
494995	cfl2	
380201	taf8	
379130	cdc20	
431880	snx1	
494675	LOC494675	
447508	sar1a	
446719	cdkn2d	
432155	prkar1a	
378644	elk4-a	
496339	par2	
443962	ndufb3	
444067	pex3	
444692	aco2	
398786	bnip3	
447302	MGC81574	
100126643	apoa5	
373628	blm	
495050	cnot6l-b	
734867	ndufab1	
414581	dctd	
734901	skp2	
399276	ywhab-a	
100037034	LOC100037034	
100335148	cstf3b	
378623	adora1	
432104	cnot6l-a	
444172	MGC80651	
446860	rdh10-a	
397720	casp3	
734196	fancd2	
414721	psmd8-a	
494634	ndufa4-a	
446580	cpsf6	
380404	snrnp40-b	
735129	rnaseh1-a	
379403	lpar1-a	
397839	itga4	
379629	yes1	
380459	rpl15	
734936	ccbl1	
447126	shfm1	
446878	cyp2d6	
496384	btg-x	
379524	gnpnat1	
379816	rps9	
734645	inpp4a	
100049102	xrn2	
414695	imp4	
447095	MGC85267	
399163	stag3l4	
447326	upb1	
380048	shmt1	
446551	MGC81089	
447591	pltp	
100137718	kpnb1	
379754	oat.1	
495399	plrg1	
398951	crk	
398438	smn2	
100337509	id4-b	
399251	mylpf	
444645	guca1a	
444024	hsp90aa1.1	
496310	mcat	
447483	agpat3	
380478	vps28	
387523	gtf2a2	
734975	suclg2	
379817	kitlg	
494763	slc2a1	
734577	mat2b	
100037107	LOC100037107	
379457	atp6v1e1	
100037030	LOC100037030	
398143	plin2	
444556	chuk	
432141	myh6	
379695	polr1b	
379448	sec11a	
780755	thrb	
394328	pcna	
446420	pgm2l1	
444743	acsf3	
100037080	LOC100037080	
399098	wnt8b	
399355	wee1B	
432021	MGC82221	
734956	aldh6a1	
414726	pomp	
446756	pfkm	
380368	rps11	
tRNA-Ser-2	-	
734417	gtse1	
495077	LOC495077	
444786	adk	
446631	col9a1	
432042	slc2a2	
379551	psmb7.2	
734303	gtf2e2	
443827	MGC82342	
503676	rad21	
100101304	sepsecs	
379446	nup35	
444442	sufu	
443932	MGC80266	
447557	vta1	
446710	rmi1	
373820	gdf7	
100505445	epo	
100049738	nop10	
734264	MGC85058	
394380	mad2l2	
379241	pars2	
398285	spam1	
447203	MGC80798	
447106	atp5d	
379230	krt5.1b	
444686	fgf1	
399070	npr1	
398874	gnpda2	
494992	mrpl3	
496222	LOC496222	
734515	rps29	
495375	dhfr	
373674	nr4a1	
444752	dusp5	
495087	LOC495087	
398770	plk4	
431930	rbl1	
398466	mdm4	
394302	sfrp1	
399389	aldh1a2	
379152	ugdh-b	
779054	thrb-a	
100158432	aars	
379094	rps20	
100286772	fancm	
373560	casp9	
398131	smurf1	
444542	cyp2c8.2	
100101299	ube2d4	
444033	slc2a4	
432218	mvb12b	
496003	ppcdc	
734260	chst13	
379220	tubb2b	
734516	dpm1	
495443	pde6g-b	
443927	ndufa4-b	
407754	hsl7	
503671	LOC503671	
446313	hspb6	
373746	kcnq1	
394325	ets2-a	
399028	MGC68458	
496387	pecam1	
734369	mocs3	
397738	col2a1	
398425	MGC53867	
444199	rapgef1	
100049100	ndufc2	
495255	LOC495255	
379257	ctsb	
373765	gnrhr1-A	
380430	src-b	
447062	aldh3b1	
tRNA-Gln	-	
779386	gemin6	
446816	ca13	
446987	cyp27a1	
399079	ap1s1	
444420	cox4i1	
100049754	lsm1	
444414	MGC82989	
734504	btg5	
432087	fuca1-b	
379960	eif2b2	
398314	dlat	
379236	gnai3	
100049123	sat2	
447500	taf15	
373706	fmr1-a	
380154	p44s10	
447576	chmp2b-b	
100137716	LOC100137716	
398618	ssh3	
446741	acy1.1	
447749	MGC83338	
398985	mapk1-a	
735094	gltscr2	
495198	nudt12	
100127336	b3glct	
398912	gpaa1	
397719	casp1-a	
446855	atp2b4	
447476	prpf4	
735153	MGC116516	
399394	pip4k2b	
444443	pard3	
399280	inhbb	
399428	tcerg1	
380220	fbp1	
380237	rpl4-a	
444539	dhdh	
495323	pigc	
734760	ap4s1	
444055	pigq	
446356	gbe1	
495959	gpr83.2	
380136	txndc5	
734947	MGC131117	
378494	lrp6-b	
398801	fuca2	
414618	MGC81434	
447109	rpl11	
734498	dcxr	
444192	gpi	
495171	slc25a17-a	
379427	rpl28-b	
734473	MGC115198	
379675	mars	
495111	cpsf3	
734298	axin1	
443913	nrcam	
446870	cfp	
397742	ccnb1.2	
496259	mrpl11	
398038	clns1a	
432031	pias2	
100174796	lipe	
779385	rps4x	
447726	MGC81861	
100036918	LOC100036918	
379624	csnk1a1	
100462763	trpv1	
495359	sf3a3	
432246	smox	
100036920	gpx4-a	
444384	psmd3	
444490	aox1	
399162	egr1-a	
495495	tdo2	
443871	polr2k-a	
398735	st8sia1	
380283	nup93	
379052	myc-a	
100037112	polr2g	
399426	rbm25	
100036877	LOC100036877	
394334	btg4-a	
496258	mrpl13	
378696	ins-a	
tRNA-Arg	-	
444729	nt5c2	
379637	pck1	
379413	rpl37a	
495932	cyb5r2	
447177	rps28p9	
380399	ehd4	
496242	gpx1	
379862	pygm	
379319	hspa8	
398440	elovl7	
398430	flot1-b	
379791	dnajc3	
735031	mogat2.2	
379246	lypla2	
379479	cyp2d6-b	
447618	nme5	
447061	LOC447061	
494657	wdr82-a	
495301	prpf31	
399090	pak2	
399330	gnb1	
779186	srp14	
495049	srp19	
380300	ptges3	
495169	pdia4	
734619	MGC115708	
496350	ndufa6	
100036782	rraga	
379961	rpe65	
379997	pdia6-b	
446311	eif3s4	
398432	c1qbp	
447786	dhcr24	
379379	azin2	
379785	cdk1-b	
100036971	cryl1	
495401	rpa3	
495318	lsm4	
399045	pccb	
446482	gars	
100337623	LOC100337623	
397890	eef1a1o	
447324	vps26b-a	
100192359	grk7-b	
380389	mmp2	
398975	lipg	
734804	cbr1	
443704	mrps2	
398678	rpl4-b	
100628313	hcrtr2	
431974	traf2	
734612	carnmt1	
379941	nthl1	
379625	bmp7.2	
379812	fyn	
443960	lias	
494705	LOC494705	
444213	stambp-b	
779200	nck1	
495363	cyp3a5	
493577	tuba4b	
446865	actn4	
733327	LOC733327	
100037234	ccdc12	
100036840	csnk1g3	
447608	pmm1	
443792	decr2	
380540	srprb	
734440	bmp6	
443908	psmc5	
432300	MGC80262	
398706	rfc4	
399381	csnk1e	
443936	ncbp1-a	
444406	rpl37	
378563	cckar	
379223	eftud2	
100037007	sgpl1	
446523	cltb	
100158362	pi4k2a	
443780	gtf2i	
444281	chst10	
493576	hmmr	
379895	gstk1	
397692	plcb3	
379505	MGC64309	
446405	vps26b-b	
394400	dcps	
432288	pex16	
379991	map2k1	
379499	pnp	
399279	psma2	
779407	lpar4	
735200	MGC131356	
734569	sh3gl2	
399339	shroom1	
446640	ilk	
399376	rps6ka3	
398652	rpl18-b	
379616	atp5j	
447767	MGC84250	
398967	pklr	
432242	glce	
394278	rxrb-a	
447589	rab11a	
394389	lig4	
443786	xrcc4	
431979	MGC82327	
444499	mdm2	
735228	acox1	
399313	tuba1b	
100158352	figf	
445877	vtn	
503669	ahcy-a	
379546	MGC68952	
432317	mthfd2	
380589	alpl	
494643	LOC494643	
444569	coasy	
431796	MGC84496	
495446	pafah1b2	
735148	stx8	
444164	entpd1	
399246	gosr1	
494702	LOC494702	
734756	rps15a	
431951	man2c1	
380395	dlst	
735190	fdps	
495239	galns	
444526	pop4	
100126629	sephs2	
373664	gja1	
380461	mg:bb02e05	
399003	snx5	
397696	limk1	
447346	gmppb-a	
779384	rab31	
399441	wnt11b	
398852	atp6v1f-b	
398516	pabpn1l-a	
734509	MGC114789	
100190780	smo	
100037141	LOC100037141	
380316	homer3	
733319	tcof1	
380034	gnai1-a	
100049773	LOC100049773	
494653	nckap1	
495277	LOC495277	
444087	taok2	
447535	ipmk	
447204	hmgcs1	
379459	atp4b	
431958	apitd1	
431934	ccng2	
444605	MGC84082	
380219	ccne2	
496214	mogat2.1	
379227	isyna1-a	
380147	gtf2e1	
380342	ednra-a	
443865	exosc9	
734915	stx4	
447528	nnt	
380376	vdac1	
444383	tp53i3	
446747	orc6	
380052	amd1	
503682	ahcy-b	
444450	dis3l	
398762	MGC68465	
779114	ube2e3-a	
494586	sdhd-a	
446568	birc2	
494996	syvn1-b	
399456	ar	
495988	rrp7a	
447260	ndc1	
495008	cpsf7	
734359	atp6v1h	
379780	adss	
494631	dpm2-b	
399438	tmsb4x	
734275	MGC98917	
379851	nr4a1	
398897	atp6v0a4	
446853	cyba	
495191	npl-b	
399379	rac3	
432320	chmp2a	
100125229	colgalt1	
399030	cxcl12	
399080	ddx6	
779230	rplp2	
447035	guk1	
378610	adcy9	
495103	pde5a	
379986	atp6v0a1	
495422	entpd4	
tRNA-Lys	-	
394283	sdc2-b	
432348	sec31b	
100101276	prkaca	
432051	MGC83164	
447196	ppp3ca	
432106	ppp3cb	
100127322	bcat2	
447240	nlgn3	
443937	isy1	
100158354	edn1-b	
100380997	mrpl4	
443979	gabarapl1	
444393	srp72	
446537	arpc5l	
398647	atp6v0c	
444674	MGC84280	
446620	psma6	
380153	gpsn2	
432100	ephx1	
399319	csnk2a1	
494647	rpe	
398903	cab39l	
373569	fgf10	
733180	pex19	
379628	tm-4	
403357	MGC68531	
735075	eif3b	
734740	stx18	
398054	hmg-1	
734308	rnf41	
414485	MGC81333	
100189578	ran	
734642	rad52	
100049739	rnf5	
447425	MGC86445	
734332	sult1e1	
496326	keap1	
431882	csnk1g1	
373802	pomc-b	
432197	srpk1	
443636	cdc5l	
373772	kit-b	
444491	hsd11b2	
443821	idh3b	
447008	rasgrp2-b	
380332	gk	
380584	psmb4	
100329133	sec61g-b	
397790	xpa	
444349	galk1	
399446	n-ras	
399111	cttn	
378699	igf1	
447186	ndufa13	
446558	mars	
779173	ntrk2-a	
407842	ncor2	
379414	rpl21	
100191027	eif3c	
447359	psmb7	
734976	hmox1	
379989	cmahp	
379844	pck1	
443867	pex1	
444764	mgst3	
446279	daxx	
100134834	lsm2	
495258	rragc	
379470	cyp46a1	
733168	pom121-a	
380546	ldhb-a	
399284	camk2a	
380442	chmp2b-a	
446401	arrb1	
379797	ube2t	
100049149	edem1	
444375	dnajb12	
tRNA-Leu-2	-	
444278	hbs1l	
398557	LOC398557	
398139	LOC398139	
447600	MGC84806	
398107	gli2	
100192358	grk7-a	
100137615	gclc	
100036966	parvg	
447259	jund	
100037174	suv39h2	
379305	ppp2r2d	
tRNA-Thr	-	
398855	MGC68455	
100036796	LOC100036796	
446727	vps36	
398106	epn2	
444125	top3a	
379481	ddit4	
380079	aldoc	
414636	apip	
446801	dcp1b	
100037039	taf11	
495076	ppp2r5e	
446340	ube2d2	
496316	LOC496316	
734906	nadk-a	
373834	fzd5	
380062	pgk1	
100037088	actg1	
733351	LOC733351	
398297	nfatc3	
444039	MGC82624	
399400	jun	
398661	ppp1r1a	
496343	rnaseh2b	
379334	srsf6	
444121	MGC80496	
101027279	LOC101027279	
380013	idh2	
399068	mknk2	
397828	porcn	
443724	ap3b1	
100192353	ibsp	
399424	pck2	
100036942	LOC100036942	
446473	pdha1-a	
447434	pdha1-b	
444142	taf6l	
495684	polr2f	
380100	ppp2r1b	
379258	cfl1-a	
495980	nudt19	
397925	aurka	
779414	mrpl16	
496329	bcas2	
100049776	ptger3	
373712	kcnma1	
444148	sdr16c5	
496254	gpx7	
399202	pik3r1-a	
380530	hmgb1	
380155	ckmt1b-a	
398943	gnpda1	
444627	cxcl14	
734326	MGC84997	
444001	snx12	
444497	mccc1	
379410	tnnc1	
398392	cav1-b	
444716	tnfrsf11b	
379829	ap3s1	
380108	arpc1b-a	
446361	mpst	
403372	pabpn1l-b	
444212	lypla1	
379562	mrpl18	
380451	mcm2	
446667	cstf3	
779367	nit2	
444105	rhobtb1	
779405	clta-a	
444321	aldh1l1	
379569	MGC69098	
398295	nlk.2	
431995	rdh10-b	
398209	cla	
100036813	slc2a14	
16S_rRNA	-	
407841	eps15l1	
397897	nr3c1-b	
444744	MGC84775	
432005	ywhag-b	
504192	max-b	
735229	ykt6-b	
494701	psenen	
447255	gabra2	
414727	cwc15-a	
443881	blvrb	
399046	polr3k	
495840	cat.1	
379216	ckmt1b-b	
432332	lta4h	
447644	il5ra	
443998	prkab1	
444507	pias3	
446602	MGC81773	
373808	mhc1a-a	
735106	plpp1	
734782	uba3	
380122	klf2	
380272	hccs-a	
380127	psmb1	
100037216	hibch	
496154	parp3	
379237	arf6	
494713	idh1	
414720	MGC82276	
399192	fzd4	
100192360	cxcr4-a	
379691	rhog	
734898	ggt1	
100037102	cox6a2	
379942	uqcrfs1	
380559	ubc	
379593	MGC68573	
414657	sil1	
444991	foxo1	
734818	hsd3b1	
397711	LOC397711	
379947	got2	
494988	lamb2	
399450	atp4a	
399320	csnk2b	
100049104	ggps1	
398968	polr2e	
100037140	LOC100037140	
779429	taf9b	
447458	rpp40	
496236	nsdhl	
399254	itpr1	
100036806	edn1-a	
734721	upf2	
414571	dhx15	
414484	chmp6-b	
414451	ube4a	
446487	cul3-a	
447168	ndufa3	
379764	creb1	
399322	bmp4-b	
446815	MGC80567	
379604	acad8	
735208	MGC130869	
446384	chrna5	
733148	riok1	
379883	rap1b	
447026	sc5d	
447640	ahcyl1	
734827	npl-a	
399139	smug1	
399431	rrm1	
447149	esd	
447138	polr2d	
734187	entpd6	
414519	ldlrap1-b	
734343	tmem55a	
379387	dtx2	
779383	mboat2	
373632	trhr2	
495005	dis3	
378669	casp1-b	
447745	MGC83272	
379421	apoa1	
373631	trhr	
398271	vangl2-a	
399289	cpeb1-a	
446642	MGC82526	
399327	psmc2	
403388	cdc6	
398529	utp14a	
446863	soat1	
379572	ndufs5	
380391	dgat2l1-a	
447465	usp1	
379748	tuba1a-b	
496083	pigf	
378695	ins-b	
380441	ctnnb1-a	
446643	ppp1r3c	
398705	gtf2a1l	
379416	rhoa-a	
379078	exosc8	
380223	paip1	
444562	pde4b	
398050	fxr1-a	
446845	atp6v1d	
101243548	xcxcra	
443970	sstr2	
100158453	myh1	
446922	LOC446922	
446505	ctss-b	
779198	MGC130673	
379982	ube2k	
100137625	tnf	
443609	ap1s3	
373647	src-a	
398060	cer1	
379419	rps24	
379270	tab3-b	
380235	got1	
444635	fgf12	
447223	dnajc5g	
446519	gxylt2	
380187	slc25a5	
414506	urod	
447327	asah1	
100101309	galnt16	
100505438	LOC100505438	
379393	cpt1a	
446318	rpl19-b	
379969	gtf2h1	
494592	ube2e1	
399105	fgf20	
734749	gla	
379123	srd5a3	
100037127	vcan	
735078	atp6v0e2	
495474	LOC495474	
398298	limk2	
380561	pla2g4a	
100037051	phgdh	
100101275	fbxo43	
495419	LOC495419	
380526	rpl34	
446881	smap1	
779382	psmc6	
100037064	LOC100037064	
397905	impa1	
100037029	ube2s-a	
398518	tnnt2	
734914	trnt1	
432263	nudt5	
414588	psmd2	
734700	MGC116545	
379906	sip	
495047	ctps1	
780741	LOC780741	
494663	pias4	
496308	mllt4	
431847	acta2	
414717	cox6b1-a	
733177	b3gat2	
447328	hgd	
446909	polh	
446387	polk	
496104	pde3b	
397762	ncam1-b	
100037099	ido1	
443870	mgat4b	
398322	ltbp1	
398579	hes4-a	
399458	grb2-a	
398833	hykk	
431990	dnajc10	
735170	MGC130893	
734855	mrpl21	
373794	mitf-a	
398623	aldob	
398200	pola1	
101243547	xcxcr5	
447593	MGC84466	
100037033	hspa1b	
373572	ctse-a	
100653493	LOC100653493	
380271	farsb	
397931	tuba3d	
398658	tcf7	
446489	ist1	
398876	MGC68580	
734244	MGC83566	
443818	cox5a	
397877	ets2-b	
403383	ube2s.2	
380565	sqrdl-b	
444660	perp	
779225	mapkapk3	
444236	rps9	
399347	fgfr3	
734599	MGC115598	
379561	hla-a	
446283	gnptg	
399051	inpp5d	
446471	bet1l	
444291	ggt1-b	
398925	stk4	
447049	arfgap1	
496028	pip4k2c	
379497	hsd11b1	
379290	g6pc	
100337595	actg1-b	
497268	abca4	
414558	MGC82279	
379537	aplnr-b	
100137627	ptgfr	
447319	plpp3	
380586	prpf19	
373838	gcgr	
443816	MGC78980	
100127270	alpi.2	
444119	tgs1	
444285	psmd14	
446669	acadl	
379038	mgat1	
380017	rps3a-a	
379840	b52	
495254	srsf9	
443589	prpf3	
735239	use1	
495942	exosc4	
380182	smc1a	
398324	stat1	
495275	bhmt	
494673	cth	
446786	pik3r2	
379527	tm7sf2	
735063	MGC75753-a	
394391	map2k7	
373732	foxg1	
378587	fgf4-b	
443556	boc	
379747	hsd17b12-b	
379798	scarb2	
100158384	kmt5a	
379056	rrm2b	
380053	mnat1	
398371	psmd2	
100036872	LOC100036872	
100337596	fut4	
444555	lsm7	
379440	snai2-a	
379447	id3-b	
414536	MGC81201	
399324	snrpc	
432312	prpf38a	
379608	ywhaz-b	
399448	pkm	
443996	snrpe	
379091	ethe1	
431829	cblb-b	
779240	cdkn2b	
398838	inpp1	
496328	phkg2	
379990	flot2	
397774	rps7	
373551	met	
414526	MGC81311	
495424	ube2j2	
443886	MGC80122	
397923	orc4	
734532	fbxo5-b	
379282	dstn	
380406	rab5c	
tRNA-Leu-1	-	
373722	lrp5	
444535	acot12	
734640	cldn4	
100137700	sycp3	
100126614	LOC100126614	
446295	gdf5	
399436	vti1a	
447570	MGC84284	
379250	rasgrp2-a	
380121	stam2	
734895	ndufs2	
779432	kmt5c	
379939	sdhb	
394353	rela	
734816	MGC131201	
443898	ncbp1-b	
443922	crat.2	
443784	spopl	
379708	itgb2-b	
414458	impad1	
379279	rcl1	
394365	orc2	
380499	ubqln4	
379065	MGC52759	
380129	col6a1	
373656	cyp19a1	
444031	cox6c	
379554	gzma	
100049091	ube2j1	
446584	srsf7	
100036815	il-8	
397796	xdrp1	
398507	rad23b	
100158367	glb1l	
379151	MGC53782	
397874	bmp4-a	
380306	hnmt-b	
447031	prkca	
379132	cldn1	
101027265	LOC101027265	
379239	edc4	
444221	prkch	
380512	atp12a-a	
444548	MGC83388	
494704	LOC494704	
432000	pfkfb4	
398731	eif6	
379075	ube2s-b	
380599	sec22b-a	
494775	stambp-a	
397922	wipf2	
398017	wee2	
447506	g6pc2	
414719	rps18	
399013	inmt	
380539	degs3	
399024	papola	
398946	MGC68518	
432210	stk3	
398104	zfp36l2.1	
100049125	LOC100049125	
398047	shh	
495520	LOC495520	
735126	rab11fip4l	
399001	mhc2a	
398045	chrd	
734993	MGC130950	
379299	b4galnt1	
496322	tnfsf11	
397757	ldlr-a	
398952	MGC68479	
779107	rpl18a	
414725	MGC81124	
398521	MGC52894	
444283	ddost	
397733	atpb-3	
380435	srsf2	
431962	asap2	
446599	mapk7	
444538	hao2	
380281	rps6-a	
414540	MGC81163	
734854	zmat3	
779375	crls1	
398156	LOC398156	
398608	tbl1xr1-a	
379163	agk	
444589	ggh	
446486	cnot10-a	
444713	MGC84462	
779325	anapc5	
398597	b3gat3	
380134	sec13	
398112	polg2	
432072	MGC83487	
447358	rcvrn.2-a	
734371	eif3e-b	
431849	alg8	
380035	p2ry4	
397789	camk2b	
100505435	LOC100505435	
380226	ube2r2	
397937	rpa1	
398129	p75NTRa	
431865	exosc10	
100036795	LOC100036795	
444594	MGC84053	
446807	pola2	
100037194	ecsit	
380547	cel	
tRNA-Tyr	-	
397773	hnrnpa3	
398153	ghr	
398387	birc7-a	
444697	uggt1	
443800	mrpl17	
446591	cldn6.1	
394311	fen1-b	
100316923	rev3l	
373580	crhr1.2	
432324	apex1	
100329211	fancc	
447224	cldn3	
444723	ptgds-a	
496224	uckl1	
379922	rangap1-a	
495215	gbe1	
496060	fabp7	
443712	LOC443712	
100337563	cdc25c1	
399216	sod2	
432347	MGC82264	
398321	gstp1	
733388	alg11	
398173	rnmt	
444677	paics.1	
495476	anpep	
734364	alyref	
447131	myl2	
398097	axin1	
495364	mrpl12	
398824	MGC68700	
414679	lsm8	
379055	cdc42	
447774	uts2r	
443988	ppm1d	
100301953	LOC100301953	
444649	pcyt2	
495970	rec8	
447486	MGC81873	
446636	riok2-a	
734970	snw1	
446622	alg2	
447107	hspb1	
443756	atg5	
380097	hhip	
446627	MGC82416	
399459	map3k7	
100037142	LOC100037142	
399116	pole2	
100126611	cul5	
379326	rhoc	
398913	vps37b	
496056	atf6	
447494	ccna1	
724076	bid	
100037114	LOC100037114	
379711	g6pd	
444446	pi4kb	
398159	e2f3	
447298	mpv17l	
447254	pigs	
495065	edc3	
443813	MGC78940	
379397	atp5f1	
379740	bud31	
495064	rad50	
444710	ctnna2	
398299	eif1b	
735046	suox	
100036963	sirt1	
397857	c-raf	
101027262	LOC101027262	
380373	cxcr4-b	
373659	rgn	
734319	anapc10	
398890	polr2b	
373620	otc	
100137651	impa2	
100037195	mccc2	
398013	atp6ap1.2	
444533	gpt2	
399140	exo1	
734491	MGC114621	
734644	bak1	
399315	myc	
443558	sae1	
100158355	hspbp1	
447211	MGC81930	
399092	smc3	
380169	cyb5r3	
398847	ppp2r3c	
446433	pank3	
734753	MGC130886	
399439	psmb8	
379788	calr	
397813	hes1-a	
2642088	COX1	
403362	MGC69056	
379404	MGC53060	
399236	impdh2	
380175	gfpt2	
379595	rbm8a-b	
399104	tnnc1	
379724	ywhag-a	
398994	napsa	
394371	ets1	
399356	gpc4	
446641	mthfd2	
398025	tab1	
379863	rps6-b	
398800	dgat2	
496355	chst12	
398889	cars2	
734911	wfs1	
100036831	LOC100036831	
378538	dhh-a	
446493	MGC79134	
414672	rpl31	
443885	atg3	
380355	sfrp2	
734890	faxdc2	
379994	polr3a	
380262	dusp1	
100036941	galm	
398962	capza1	
394290	cdh3-a	
446978	cndp2a	
432038	MGC80045	
444186	MGC80700	
100126623	LOC100126623	
447014	vimp	
100036841	pip4k2a	
100037086	LOC100037086	
379801	vps4b	
443592	naga-b	
399190	fzd3	
446571	tsg101	
446652	enpp6	
379866	cav3.2	
447173	cox6a1-b	
446307	vps35	
495412	bcl6	
100101298	dnm2	
380444	eif2s1	
387605	fzd10-b	
446370	parp2	
447129	rpl32	
495166	ltc4s.2	
380479	cars	
380381	hnrnpa1	
398941	insrr	
379058	MGC52685	
399353	tob2	
378690	fabp2-a	
399227	gpd1	
394339	ppp2r1a-b	
432325	polr3e	
446875	MGC80885	
734715	aldh16a1	
398998	haao	
399026	ddb1	
447241	atg4d	
734945	rhog.2	
495060	LOC495060	
414644	rnaseh1-b	
414477	MGC78908	
398310	ackr3	
380008	ssr3-a	
398854	MGC68464	
379822	rpl13a	
379086	MGC52934	
379908	tra2a	
495428	fbxo6	
443560	tap2	
444170	MGC80644	
379924	ak2	
100294517	gria4	
380227	rab5a	
100127268	LOC100127268	
447468	pvrl2	
399401	kif3a	
397895	gsn	
398853	psmc4	
495290	prkaa1	
494824	retsat	
398149	cgn	
447742	lamp2	
432262	MGC83501	
397793	hnrnpc	
734192	oprl1	
494683	bcat1	
373637	bax	
431967	agap1	
100036801	xab2	
399215	ppp3r1	
398702	LOC398702	
379198	arg2-a	
444799	acsm3	
444422	alad	
446534	ptges	
447135	MGC85389	
735150	cox7c-a	
432172	MGC78893	
tRNA-Trp	-	
397981	bmpr2	
399160	camk2d	
380515	col1a1	
379670	qars	
446718	b4galt3	
444264	arpc1b-b	
734649	gxylt1	
379348	rpn2	
735164	MGC116449	
100271914	bcl2	
398707	pold3	
398120	acat2	
447532	inpp5a.1	
399049	fut6	
379512	MGC64541	
414639	acat1	
379775	atp5g3	
494863	polr1d.2	
734997	sptlc3	
399301	dvl2	
779316	phospho2	
735225	plcd4	
735191	rnps1-b	
734652	MGC115594	
734352	ap2a2	
431888	ptpn2	
446908	aaas	
380372	prkab2	
432297	gstt1	
399282	fst	
379359	tubb4a	
447693	sec24d	
100049779	nudt2	
447552	MGC84188	
495048	riok2-b	
444485	preb	
446328	psph	
496315	f2rl1	
399170	akt1	
447392	gp9	
399103	acvr1-b	
733235	xiap	
380414	mcm7-b	
494722	rpl3l	
394366	itga5	
379701	mtmr3	
447274	arpc5	
734870	litaf	
379805	cept1	
379482	cyp8b1	
444166	ppcs	
447519	nup205	
399454	acvr1b	
399087	xpo1	
447769	tpmt	
394329	gss	
496036	faap24	
373754	per1	
444233	dctpp1	
379676	MGC68557	
380382	psma4	
446614	apex2	
398503	eif3e-a	
779369	tbl1xr1-b	
446546	klhl13	
398320	gtf2ird1	
432023	smad2	
779138	hprt1	
444759	polr1e	
379370	psmc3	
447728	ppp1r14a	
373578	wnt1	
399123	dnajc5	
446378	spire1	
379315	MGC53542	
380341	pon2	
495689	crebbp-b	
446459	hsp90ab1	
446773	dck.2	
432169	actn2	
tRNA-Pro	-	
444228	ppt2-b	
379962	gpd1l	
431853	dync1i2	
379874	ran-1	
394390	gtf2b-a	
398119	cdc25c-b	
398391	cav2	
2642077	ND4	
734626	rfc3	
443829	MGC82347	
397744	fn1	
373595	nrg1	
494776	b3gat1	
447252	arsa.1	
398971	hs3st1	
380279	eif3d	
444190	sptlc2	
379877	uba1-b	
100337597	fut9	
446601	exosc7	
398837	brip1	
100294518	grik2	
380288	ube2h	
432233	hmgcl	
399457	smad1-b	
494805	ube2e2-b	
100337618	cdh1	
100190770	nagk	
446337	man1a2	
100381163	ctu2	
399106	bub3	
379699	mcm5-b	
447736	MGC82014	
733431	echs1	
414518	egr1-b	
414573	acot2	
446229	atp2a2	
100036846	hk2	
447215	plpp3	
399385	pin1-b	
100158393	mrps16	
100380998	ncbp2	
387333	tbpl2	
398895	mlst8	
380447	dag1	
399259	calm2	
414478	MGC83258	
444361	lpin3	
380507	ppp3ca	
734347	pcca	
387560	tph1	
444218	adrb2	
414290	rap1a	
380587	mcm5-a	
446498	cln3	
447172	ndufs4	
446831	grk4-a	
379898	calcrl	
446540	b3gnt5-b	
414641	sesn2	
398892	araf-a	
446329	ept1	
446989	degs2	
379852	g6pc	
398567	casc3	
378525	dntt	
779242	MGC154408	
399308	nck	
447220	arfgap2	
380140	ext2	
378668	cryaa	
496174	dera	
444643	psme2	
399183	fgf8	
380397	ywhae	
444173	vps29	
399462	etf1	
100036912	ednra-b	
399262	gnat	
443641	cdc5l	
495080	atg4c	
379859	odc1	
12S_rRNA	-	
100158438	eprs	
446355	mpv17l2	
447609	pstpip1	
380489	rps19	
380488	ass1	
443846	tollip-b	
432096	stx16-a	
496233	ndufs3	
734698	amy2a	
446408	agps	
496144	pnpla4	
495379	cox17	
380106	tceb2	
444750	ccdc53	
100049747	spcs2	
379842	wnt5b	
443815	rrm2.1	
398448	tra2b	
398737	rrbp1	
380064	ywhaq	
tRNA-Asp	-	
399255	eif4e	
494590	ube2e2	
495975	LOC495975	
380109	arg1	
432147	setdb1	
734331	vegfc	
398982	MGC69077	
100037168	creb3l2	
779337	tgfb1i1	
379047	MGC52514	
779167	MGC79910	
397843	mcm4-b	
398882	rdh16	
734979	acin1	
100137653	birc7-b	
444777	traf6-b	
100125664	LOC100125664	
779154	MGC82036	
398431	flot1-a	
734433	renbp	
379124	rpl5-b	
379102	canx-b	
397772	LOC397772	
398990	mgrn1	
379412	chmp1b	
495193	hoga1	
779411	soat2	
444326	c1galt1	
444310	mef2c	
734734	cdc25a	
380269	aco1	
380071	cyc1	
399300	arf6	
394287	vamp2-b	
446240	lpcat4	
495829	erlec1	
496303	ndufs7	
734564	pigb	
398799	nup54	
100327240	fanci	
446506	dnase2	
735122	ppih	
734863	ndufa8	
444992	foxo3	
447534	pgap1	
403382	ube2e3-b	
100127246	LOC100127246	
446776	MGC80409	
394357	psma7-a	
735008	itpa	
399205	sfrp5-a	
494754	LOC494754	
379092	syf2	
496249	aga	
397717	icmt	
432295	eif3j	
373559	casp8	
431894	galnt7	
431799	mlxip	
100158274	acp2	
398701	nob1	
380516	ctss-a	
380208	edar	
398804	atf4-a	
398049	wee1-a	
495983	fhit	
397751	hnrnpa1	
734701	pde9a	
734416	ckap4	
443835	MGC82469	
399314	cdk2	
444751	stx3	
734707	MGC114631	
100158429	amotl1	
432047	alg10	
496205	ak8	
734682	cox6a1-a	
379783	akt2	
399421	psmd4	
446857	aldh2	
779204	dync1li2	
100137687	fuk	
379927	rps14	
398564	top3b	
496353	ercc8	
734370	exosc3	
100137719	ppp2r5a	
373715	pias1	
495824	zmat2	
447547	psmd7	
379271	ppil2	
100337575	lef-1	
432219	cab39	
444644	alyref-b	
380594	hadh	
373777	cacna2d3-A	
380386	rps27	
398215	ptch1	
100137639	eme1	
431924	srm	
379820	tceb1	
380482	tuba6	
399023	MGC68452	
tRNA-Phe	-	
495029	hpd	
606489	dcp2	
379064	rpl5-a	
444223	mlh3	
380179	sars	
397821	mcm3	
380570	lamtor3-a	
444447	csnk1g2	
398983	col3a1	
398555	LOC398555	
734851	bdh2	
380383	ppm1d	
432221	MGC78817	
495479	csf2rb	
397769	pparg	
444032	exosc2	
446839	gp5	
398360	xplcg1a	
446689	pla2g6	
432275	gcnt2	
398206	p2rx4	
446738	adh7	
779326	cox10	
100158328	chst2	
495381	ube2d1	
444494	rps27a	
379160	mvb12a	
779427	taf10	
379744	txnrd2	
100158418	mogs	
379796	atp6a1	
373601	mcm4-a	
379638	map2k6	
380413	adipor1	
380177	capn1	
447297	lpcat3-a	
734470	cpeb1-b	
399096	gna14-a	
379288	chrna1-a	
432121	fbxo25	
446406	ttc37	
397933	LOC397933	
398219	ttk	
398151	hes5.2-a	
379975	ddx3x	
734233	xgap	
444775	ube2c	
394425	gnaq-a	
494733	clint1-b	
496260	polr2j	
734372	gsr	
100505431	LOC100505431	
447291	man1b1	
398230	LOC398230	
398409	cldn6.2	
443879	acss2.2	
446833	nfkbia	
446670	MGC83232	
399086	tbpl1	
378693	npy1r	
734488	adipor1	
398828	MGC68686	
379689	ppt2-a	
446548	acyp1	
446985	thbs4	
444350	rpl23	
496372	sdhd-b	
380501	gcnt1	
494724	nt5c3a	
495292	pomgnt1	
447717	rpp38	
495148	psmd6	
394397	xrcc5	
398012	spdyc-a	
100381171	amacr	
394351	ak7	
735186	pipox	
779197	eif2s2	
100337577	map3k13-b	
399325	fgfr2	
398760	prodh2	
380133	rhoa-b	
734374	ppp1r3c.2	
101243551	lpar6	
734219	sdc4-b	
494792	hacd1	
399261	gnaq-b	
379298	cdc34	
432227	stx6	
446628	qprt	
447584	MGC84363	
496081	btg2	
447599	MGC84751	
432200	ikbkb	
399012	hsd11b1l-a	
444329	ppp1r3c.1	
380184	tyrp1	
380212	cd63	
444770	ech1	
447764	mgll	
432190	MGC82344	
100036987	LOC100036987	
444550	rce1	
447462	ppp2r5c	
380396	id4-a	
399337	adrb1	
446522	uqcrc2	
373812	prlr-b	
398071	mcm6	
496032	laptm4a-a	
379084	orc3	
397724	taf6	
444630	mocs1	
447765	MGC84227	
380538	skp1	
443904	sesn3	
100126616	mrpl32	
398288	LOC398288	
399078	sumo1-a	
447521	cdc40	
495253	snu13	
495175	adora2a	
100037069	ubxn6	
446821	atp6v0e1	
398318	kmt5a-b	
443739	eif4a1	
447003	ctnnbl1	
447406	tfdp1-b	
398453	impdh2	
100036775	cyp1a1	
447338	cherp	
444469	aldh18a1	
494774	LOC494774	
446262	fancf	
779287	slx1a	
398958	prkag1	
446800	ube2m	
734281	taf13	
373646	nog	
398965	MGC68771	
399283	acvr2a	
444500	eif1ax	
446335	ppp2r5b	
379085	tnnc2	
447032	ephx2	
495263	atp5g1	
734418	amdhd1	
446678	mrpl15	
386604	eef1a1	
398221	pabpc1l-a	
444210	MGC80754	
379285	MGC53682	
734833	lhpp	
100036969	cd28	
445824	rps10	
398910	papss2	
444847	chrnd	
495159	ndufa10-a	
414522	nlk	
779406	arpc2	
399115	ext1	
414572	lsg1	
495472	paox	
444602	MGC84076	
100126610	nr2b	
379490	rps5	
446320	prl.1	
380305	atp6v1b2	
734866	kmo	
495040	ehd1	
447513	agpat1	
779365	tbxas1	
495390	me3	
100036853	rpa2-b	
379819	cetn1	
379838	flj12750	
734710	MGC114802	
447594	MGC84470	
447501	lcat	
446550	ap4m1	
414656	fcf1	
444736	nfe2l2	
444772	dnajb11	
378624	lhcgr-A	
447145	rpl36a	
443896	polr2h	
379557	lamtor3-b	
447482	dcn	
100158421	ache	
399172	prkaa2	
100158325	LOC100158325	
444037	atg4a	
432109	MGC78865	
496023	pxmp2	
735001	MGC131049	
100036803	LOC100036803	
779231	acer2	
734950	elovl5	
380465	rrm2.2	
379734	tbl3	
494638	LOC494638	
496405	nat1	
399029	rplp1	
447461	tgif2	
447278	cox7b	
735090	mtap	
446315	MGC83421	
432229	rqcd1	
373579	kit-a	
447198	prpf6	
447546	vps4a	
414592	tdh	
100126621	st3gal2.2	
443823	lrat	
379646	MGC68892	
398820	oxct1	
398811	pc.1	
414454	MGC83104	
734526	MGC114992	
394416	mrpl24	
100337617	LOC100337617	
tRNA-Gly	-	
444468	hspa2	
444178	becn1	
447216	ezr	
447073	MGC85216	
432029	efl1	
397699	itgb3	
734259	eif4e	
100101279	fgf2	
444362	rps17	
446463	nop58-a	
735163	cul4b	
734276	socs2	
380369	rfc5	
379254	xaldb	
380491	vcp	
444537	elk4-b	
443632	eif3a	
447379	cd276	
414582	MGC83119	
414368	rps7	
398628	LOC398628	
379626	pkmyt1	
399083	acvr1-a	
443855	ndst1	
373843	lhb	
398111	id2	
379827	ppp2r1a-a	
380500	ube2g1	
734563	coq5	
447146	rpl36	
496247	anapc11	
399419	rpl17-b	
394319	stag2	
734819	sec11c	
734494	orc5	
444346	nfatc1	
398568	ldlrap1-a	
397935	an3	
100329838	tap1	
734386	MGC115038	
398829	dusp6	
380433	mad2l1	
379559	sesn1	
494810	ctsa	
373742	l1cam	
432322	acp5	
379936	sec61a1	
495297	ei24	
398963	cdo1	
379897	rpl10a	
447356	MGC84102	
734460	mtm1	
779334	tacc3	
446423	itgb5	
779272	atp6v1b1	
380285	adsl	
380171	cstf1	
444356	MGC82831	
733387	papolg	
100505429	LOC100505429	
378566	wnt2b-a	
397713	psen2	
397765	pdgfa	
431993	snrpd3	
373801	tgfb2	
380361	csnk1d	
432022	sptlc1	
443747	snrpd1	
734951	mtmr14	
100381129	folr4	
496097	rexo2	
446359	glo1-b	
734892	MGC130867	
444678	adipoq	
446841	rab7	
380168	tpi1	
100337579	mitf-b	
446997	ubqln1	
444804	MGC82148	
432333	polr1c	
447247	pdhx	
444338	notum	
100191022	itga2b.1	
379327	ptafr	
380209	rho	
380176	snx2	
380038	eno3	
394356	ccnh	
379723	stx16-b	
444261	apaf1	
444343	MGC82791	
414652	lap3	
394424	sec61g-a	
373705	nos1	
380560	bmp7.1	
444085	atxn3	
444103	cul3-b	
380259	gapdh	
380339	thbs3	
398816	lpin2	
734896	ikbke	
735069	ikbkg	
380432	ccbl2	
394423	gnao1	
100125662	hal.2	
495185	ap1s2	
379600	amy2b	
398477	dtx1	
398929	cldn5	
432343	cyp2c18	
447450	asl	
100101322	pop5	
380438	yars	
397750	hmgcr	
444063	hsph1-a	
495497	mboat7	
443957	ip6k1	
380240	psmc1	
495287	mmp1	
380470	hyal2-b	
399164	tcf7l2	
379489	MGC64482	
380190	ercc1	
398788	ube2a	
446481	stx11	
378625	fshr	
380266	mthfd1	
403356	smad4.2-a	
444438	gpd2	
432084	mapkapk2	
397855	lfng	
446698	stx2	
399442	mad2	
100037233	snf8	
447019	farsa-a	
446595	srp9	
443888	cyct-a	
397963	ercc5	
tRNA-Cys	-	
100036937	lfng	
379264	stat3.2	
380343	thoc7	
379136	utp4	
735074	MGC115171	
100174809	etv6	
495437	sphk1	
447560	psmd13	
548611	rps15	
444841	rps3-a	
397698	nfkb2	
378787	fzd7	
373711	cdon	
399453	rbpj	
495313	tlr5	
399231	ssr1	
432093	dhodh	
414476	eif4ebp2	
444808	smg7	
379752	actc1	
447276	rfk	
495936	LOC495936	
379914	ppp1ca	
443838	ung	
446849	il10rb	
444102	MGC80400	
445881	srrm1	
494720	LOC494720	
379202	MGC53997	
495152	p2ry10	
100158365	usp7	
380458	calr	
399097	gsk3b	
503559	mln51	
414594	prkar2b	
734745	MGC130855	
379073	hes1-b	
394308	mre11a	
443906	pla2g12a	
414666	hyi	
399362	eif4a3	
398610	ppp2r3b	
446981	vps26a-b	
414702	gfpt1	
444563	stx10	
398615	ddit3	
595046	LOC595046	
447404	dgke	
399406	hras	
100337582	oat	
379631	sf3b6	
100190774	ptdss2	
394394	cpsf2	
100036776	mpst	
447323	alas2	
100037155	anapc13.2	
734769	MGC130936	
446529	arf3	
379510	MGC64517	
398181	fgfr4-b	
399260	msi2	
379050	jun	
100137632	fnta	
446754	ero1a	
380157	rpl8	
443964	MGC80357	
380160	cadm3	
101027297	cd157	
379474	cel	
399333	nme2-b	
443837	cdipt	
398216	smo	
734840	akr7a2	
100158455	cdc25b-b	
447333	sucla2	
414566	sgms1	
447050	MGC83576	
379795	nupl1	
378526	f2r	
432108	agpat4	
443751	mdh2-b	
397721	dad1	
496039	LOC496039	
447773	pisd	
734860	adi1	
380418	tubb	
444656	MGC84197	
380114	fxr1-b	
380128	atp6v1g1	
414595	slc33a1	
414553	eif2b1	
100126654	atg12	
397992	adar	
380091	hmgcs1	
380469	rbm22	
379917	tspo	
399075	capn2	
379445	tpm2-b	
447188	atp5j2	
446879	MGC80893	
447217	lars	
595043	gng12	
443637	jak2	
495503	pgls	
398325	gtf2f1	
447398	MGC84749	
399295	tgfbr1	
444366	MGC82852	
398160	ptprf	
399031	MGC68684	
447205	mbtps1	
444307	chmp4c	
100127310	prkag3	
446858	glud1	
447555	pde6h	
2642081	COX2	
432055	atp5h	
734620	coq6	
380054	atp1b2	
734356	rab11fip2	
100190776	lmo7	
398631	LOC398631	
398109	sag	
444486	gmpr2	
100505426	cnot6	
397852	mcm7-a	
495969	immp2l	
100036804	taf5	
379833	gldc	
394277	srf	
100505450	cpeb4	
447691	MGC99250	
432159	pycr1	
724070	erbb4	
380058	ppm1a	
779103	gna11	
734496	ak3	
398063	orc1	
735211	cetn4	
444607	MGC84088	
100127334	LOC100127334	
734986	uqcrq	
399204	ugcg-a	
380535	gna11	
380115	rpl27	
779129	act2	
443929	extl2	
446877	lamp1	
495406	mrpl20	
100137626	tnfrsf1a	
380257	eif2s3	
734296	mthfs	
414665	kdsr	
399245	psmd12	
495353	pelo	
444812	aasdhppt	
398254	dusp1-b	
444095	grb2-b	
494699	slc11a1	
447248	vps25	
414465	st3gal2.1	
447694	ogt	
399257	dnmt1	
100127346	grin2a	
100137712	bckdhb	
397926	tp53	
399274	ctnnb1-b	
373589	vegfa-a	
397915	ssbp1-a	
447193	shmt2	
446814	MGC75753-b	
414619	ca5b	
